time;latitude;longitude;depth;mag;magType;nst;gap;dmin;rms;net;id;updated;place;type;horizontalError;depthError;magError;magNst;status;locationSource;magSource
2024-12-27T12:47:37.885Z;47.3114;151.3468;146;6.8;mww;246;38;5.87;1.23;us;us6000pfw7;2025-01-28T18:14:34.040Z;Kuril Islands;earthquake;8.46;1.934;0.037;70;reviewed;us;us
2024-12-21T15:30:53.399Z;-17.7041;168.0033;47;6.1;mww;156;20;4.513;0.58;us;us7000p0lv;2025-01-24T15:49:05.336Z;33 km W of Port-Vila, Vanuatu;earthquake;8.49;1.927;0.038;66;reviewed;us;us
2024-12-17T01:47:25.741Z;-17.6914;168.0842;54.372;7.3;mww;246;18;2.386;0.64;us;us7000nzf3;2025-01-29T22:19:43.172Z;24 km WNW of Port-Vila, Vanuatu;earthquake;6.75;4.068;0.036;73;reviewed;us;us
2024-12-13T23:38:18.234Z;-35.33;-70.7256;109;6.4;mww;93;61;0.538;0.71;us;us7000nyqr;2025-01-27T20:07:44.786Z;56 km ESE of Molina, Chile;earthquake;6.16;1.878;0.032;94;reviewed;us;us
2024-12-09T00:38:52.848Z;50.8586;-177.443;10;6.1;mww;132;73;0.914;0.72;us;us7000nx5z;2025-01-07T02:14:47.636Z;126 km SSW of Adak, Alaska;earthquake;3.8;1.741;0.039;63;reviewed;us;us
2024-12-09T00:15:30.691Z;50.9985;-177.1779;19;6.3;mww;147;40;0.765;0.61;us;us7000nx5r;2025-01-07T00:41:51.143Z;104 km SSW of Adak, Alaska;earthquake;4.24;1.757;0.032;91;reviewed;us;us
2024-12-08T19:57:08.602Z;51.0018;-177.3278;18;6.3;mww;178;52;0.763;1.21;us;us7000nx3z;2025-01-10T21:34:17.499Z;108 km SSW of Adak, Alaska;earthquake;4.3;1.84;0.033;86;reviewed;us;us
2024-12-05T18:44:21.110Z;40.374;-125.021666666667;10;7;mw;172;229;0.5261;0.23;nc;nc75095651;2025-01-30T18:54:25.470Z;2024 Offshore Cape Mendocino, California Earthquake;earthquake;0.63;31.61;0.018;303;reviewed;nc;nc
2024-11-26T13:47:03.411Z;36.9549;136.3653;8;6.1;mww;321;10;1.532;0.74;us;us7000nu90;2024-12-18T21:47:35.468Z;38 km WNW of Hakui, Japan;earthquake;5.42;1.69;0.036;73;reviewed;us;us
2024-11-17T12:16:29.874Z;29.0424;131.3968;8;6.1;mww;134;32;2.591;0.9;us;us7000nsa3;2025-01-26T16:30:37.040Z;156 km SSE of Koshima, Japan;earthquake;6.25;1.822;0.041;56;reviewed;us;us
2024-11-15T05:28:30.650Z;-4.7548;153.2923;56;6.6;mww;113;19;1.257;0.67;us;us7000nrwz;2025-01-26T16:29:58.040Z;122 km ESE of Kokopo, Papua New Guinea;earthquake;8.14;1.856;0.061;26;reviewed;us;us
2024-11-10T16:49:50.426Z;19.7974;-77.0506;14;6.8;mww;90;25;0.624;0.91;us;us7000nr0v;2025-01-24T19:51:30.040Z;42 km SSW of Bartolomé Masó, Cuba;earthquake;3.76;1.715;0.032;94;reviewed;us;us
2024-11-08T11:38:00.376Z;-46.7807;-75.6402;10;6.3;mww;85;52;2.139;0.71;us;us7000nql2;2025-01-24T19:51:23.040Z;239 km WNW of Cochrane, Chile;earthquake;4.83;1.816;0.039;62;reviewed;us;us
2024-10-23T14:38:04.614Z;49.394;155.6369;40;6.2;mww;277;38;3.938;0.55;us;us7000nmlt;2025-01-04T23:07:43.040Z;146 km SSW of Severo-Kuril’sk, Russia;earthquake;9.34;1.93;0.037;69;reviewed;us;us
2024-10-12T17:43:44.516Z;10.4967;-86.1497;16;6.2;mww;221;32;0.889;0.84;us;us6000nyau;2024-12-23T15:47:10.040Z;40 km WNW of Tamarindo, Costa Rica;earthquake;5.62;1.477;0.03;110;reviewed;us;us
2024-10-01T20:05:34.967Z;-19.2886;-173.0007;10;6.6;mww;114;23;2.772;0.71;us;us7000nhjw;2024-12-14T14:50:58.040Z;125 km SE of Neiafu, Tonga;earthquake;10.41;1.723;0.035;77;reviewed;us;us
2024-10-01T09:28:05.313Z;-5.9828;124.8988;576;6.1;mww;213;23;3.73;0.5;us;us7000nhex;2024-12-14T14:50:55.040Z;260 km ESE of Baubau, Indonesia;earthquake;9.16;1.954;0.04;61;reviewed;us;us
2024-09-26T19:19:28.664Z;-17.199;66.5336;10;6.3;mww;105;29;3.934;0.84;us;us7000ngmr;2024-12-06T19:30:16.040Z;Mauritius - Reunion region;earthquake;8.08;1.805;0.041;56;reviewed;us;us
2024-09-16T11:36:34.522Z;17.1539;147.2254;31;6.3;mww;134;33;2.35;1.11;us;us7000ne84;2025-01-27T11:46:45.731Z;266 km NE of Saipan, Northern Mariana Islands;earthquake;8.58;1.878;0.043;52;reviewed;us;us
2024-09-15T22:22:48.018Z;51.6088;-130.6121;3.766;6.5;mww;172;40;0.775;0.58;us;us7000ne51;2024-11-21T22:58:58.040Z;271 km WNW of Port McNeill, Canada;earthquake;4.9;3.358;0.025;150;reviewed;us;us
2024-09-11T16:46:05.054Z;-3.2871;146.4088;8;6.3;mww;145;79;1.562;1.21;us;us7000nd4f;2024-11-21T22:58:55.040Z;168 km SW of Lorengau, Papua New Guinea;earthquake;7.41;1.799;0.047;43;reviewed;us;us
2024-09-05T01:03:15.672Z;-3.5428;144.1953;7;6.2;mww;91;77;3.5;0.97;us;us6000nps8;2024-11-15T16:19:55.040Z;59 km NNE of Angoram, Papua New Guinea;earthquake;7.6;1.85;0.047;44;reviewed;us;us
2024-09-01T20:13:34.201Z;-6.8295;155.5297;39;6.4;mww;111;34;5.084;0.72;us;us6000np3z;2024-11-09T21:19:03.040Z;56 km S of Panguna, Papua New Guinea;earthquake;8.15;1.941;0.031;103;reviewed;us;us
2024-08-28T21:57:54.957Z;13.0471;-89.583;26.358;6.1;mww;224;33;0.617;0.97;us;us6000nncs;2025-01-06T00:57:06.367Z;56 km SSW of La Libertad, El Salvador;earthquake;5.91;3.155;0.037;72;reviewed;us;us
2024-08-25T23:29:07.544Z;-19.8125;-175.0711;96;6.9;mww;276;13;1.56;0.53;us;us7000n9dt;2024-11-02T21:29:06.040Z;75 km W of Pangai, Tonga;earthquake;9.43;1.841;0.033;86;reviewed;us;us
2024-08-17T19:10:26.820Z;52.9308;160.1331;29;7;mww;146;63;0.902;0.99;us;us7000n7n8;2024-10-26T15:49:19.040Z;102 km E of Petropavlovsk-Kamchatsky, Russia;earthquake;6.98;1.868;0.03;105;reviewed;us;us
2024-08-15T23:35:53.943Z;23.7491;121.7669;14;6.1;mww;146;17;0.451;0.61;us;us7000n7b8;2024-10-26T15:48:52.040Z;30 km SSE of Hualien City, Taiwan;earthquake;3.34;1.036;0.045;48;reviewed;us;us
2024-08-10T03:28:32.681Z;47.223;144.7915;402.166;6.5;mww;157;17;1.405;0.75;us;us6000nj9s;2024-10-24T17:57:54.040Z;151 km E of Dolinsk, Russia;earthquake;7.67;3.081;0.053;34;reviewed;us;us
2024-08-08T07:42:55.206Z;31.7599;131.5021;24;7.1;mww;252;34;5.748;0.74;us;us6000nith;2024-10-24T17:57:27.040Z;2024 Hyuganada Sea, Japan Earthquake;earthquake;6.71;1.855;0.031;99;reviewed;us;us
2024-08-03T04:20:26.565Z;8.2038;126.8354;15;6.3;mww;134;25;1.679;0.97;us;us6000nht0;2024-10-11T19:39:09.040Z;44 km E of Barcelona, Philippines;earthquake;7.54;1.761;0.05;39;reviewed;us;us
2024-08-02T22:23:02.111Z;8.1851;126.6161;32;6.8;mww;259;18;1.511;0.69;us;us6000nhqc;2024-11-14T13:47:51.769Z;20 km E of Barcelona, Philippines;earthquake;7.5;1.761;0.048;42;reviewed;us;us
2024-07-22T05:04:27.743Z;-15.5073;168.1241;4;6.1;mww;196;26;6.203;0.54;us;us7000n0s8;2024-10-08T21:49:16.005Z;99 km NE of Norsup, Vanuatu;earthquake;7.46;1.834;0.039;63;reviewed;us;us
2024-07-21T02:53:48.910Z;14.6445;-89.9316;272;6.2;mww;138;29;0.56;1.04;us;us7000n0ka;2024-10-08T16:17:55.257Z;6 km E of Jalapa, Guatemala;earthquake;7.64;1.867;0.025;155;reviewed;us;us
2024-07-19T01:50:48.571Z;-23.0791;-67.8404;127.291;7.4;mww;119;19;0.336;1.06;us;us7000n05d;2024-12-13T23:46:54.384Z;41 km ESE of San Pedro de Atacama, Chile;earthquake;7.08;3.027;0.026;144;reviewed;us;us
2024-07-11T15:08:47.169Z;48.7877;-128.7103;10;6.4;mww;149;60;0.904;0.88;us;us7000mykj;2025-01-30T15:18:49.988Z;209 km WSW of Tofino, Canada;earthquake;4.64;1.34;0.041;58;reviewed;us;us
2024-07-11T02:13:18.585Z;6.0838;123.1503;639.503;7.1;mww;401;17;2.604;0.84;us;us7000myfa;2024-10-08T21:28:11.485Z;106 km WSW of Sangay, Philippines;earthquake;8.06;4.43;0.055;32;reviewed;us;us
2024-07-10T04:55:41.780Z;-53.3092;25.3481;4;6.6;mww;107;23;18.352;0.76;us;us7000my76;2024-09-20T16:00:53.040Z;south of Africa;earthquake;8.92;1.712;0.05;38;reviewed;us;us
2024-07-07T20:01:12.295Z;26.8957;138.8289;546;6.2;mww;158;32;3;0.82;us;us7000mxmu;2024-10-09T00:27:25.515Z;Bonin Islands, Japan region;earthquake;8.5;1.93;0.034;84;reviewed;us;us
2024-06-29T07:05:32.855Z;-16.0485;-74.556;18;6.1;mww;138;89;4.606;0.71;us;us6000n948;2024-09-04T21:57:44.040Z;34 km SW of Atiquipa, Peru;earthquake;7.96;1.856;0.059;28;reviewed;us;us
2024-06-28T05:36:36.902Z;-15.8277;-74.454;24;7.2;mww;105;46;4.675;0.93;us;us6000n8tq;2024-09-04T21:57:43.040Z;10 km WSW of Atiquipa, Peru;earthquake;8.89;1.881;0.041;56;reviewed;us;us
2024-06-24T08:03:37.383Z;-14.6255;167.2426;149;6.3;mww;209;32;6.532;0.46;us;us7000mu8s;2024-10-08T23:22:11.860Z;49 km NNE of Port-Olry, Vanuatu;earthquake;6.07;1.925;0.033;90;reviewed;us;us
2024-06-09T09:55:49.381Z;-53.8559;-133.9509;10;6.2;mww;91;58;29.452;0.61;us;us7000mrbr;2024-08-16T21:59:22.040Z;Pacific-Antarctic Ridge;earthquake;7.38;1.769;0.062;25;reviewed;us;us
2024-05-31T15:54:40.923Z;-28.9579;-176.8653;16;6.2;mww;175;52;0.972;0.8;us;us7000mp9e;2024-10-09T02:53:15.828Z;Kermadec Islands region;earthquake;6.75;1.721;0.041;56;reviewed;us;us
2024-05-31T15:46:09.810Z;-43.3059;41.7226;10;6.2;mww;208;16;7.849;0.68;us;us7000mp99;2024-08-06T20:32:48.040Z;Prince Edward Islands region;earthquake;9.52;1.704;0.048;41;reviewed;us;us
2024-05-26T20:47:12.057Z;-19.3431;-174.841;137;6.6;mww;190;21;2.026;0.93;us;us6000n158;2024-08-06T02:09:38.040Z;70 km NW of Fangale’ounga, Tonga;earthquake;8.13;1.893;0.043;53;reviewed;us;us
2024-05-25T22:23:15.997Z;-17.1173;167.8706;22;6.3;mww;280;28;4.815;0.72;us;us6000n102;2024-10-09T04:49:04.635Z;83 km NW of Port-Vila, Vanuatu;earthquake;8.23;1.836;0.039;64;reviewed;us;us
2024-05-12T11:39:12.718Z;14.4264;-92.4617;61.91;6.4;mww;267;30;0.515;1.05;us;us6000my20;2024-10-08T21:11:23.868Z;28 km WSW of Brisas Barra de Suchiate, Mexico;earthquake;3.41;3.065;0.029;111;reviewed;us;us
2024-05-08T08:17:15.894Z;-15.1324;168.0214;19.175;6.1;mww;110;18;6.456;1.03;us;us6000mx5c;2024-10-09T02:25:02.692Z;101 km ENE of Luganville, Vanuatu;earthquake;7.33;2.73;0.045;48;reviewed;us;us
2024-05-05T18:33:11.021Z;-3.3167;130.9618;16;6.1;mww;101;28;1.344;0.6;us;us6000mwjd;2024-11-10T00:12:54.992Z;154 km WSW of Fakfak, Indonesia;earthquake;5.17;1.722;0.039;63;reviewed;us;us
2024-04-27T16:29:50.643Z;-8.005;107.2798;59.701;6.1;mww;232;19;0.652;0.64;us;us6000muc0;2025-01-09T08:28:51.597Z;91 km S of Banjar, Indonesia;earthquake;7.14;3.11;0.044;50;reviewed;us;us
2024-04-27T08:35:34.207Z;27.8209;139.6186;496;6.5;mww;217;24;2.392;0.63;us;us6000mu8k;2024-10-09T04:19:09.040Z;Bonin Islands, Japan region;earthquake;9.42;1.953;0.035;77;reviewed;us;us
2024-04-22T18:32:48.439Z;23.8586;121.5662;10;6.1;mww;120;22;0.526;0.65;us;us6000mt0s;2024-07-02T22:12:10.040Z;13 km SSW of Hualien City, Taiwan;earthquake;2.83;1.821;0.065;23;reviewed;us;us
2024-04-22T18:26:52.852Z;23.7141;121.6599;9;6.1;mww;119;35;0.462;0.76;us;us6000mt0r;2024-07-02T22:12:10.040Z;29 km S of Hualien City, Taiwan;earthquake;2.91;1.823;0.059;28;reviewed;us;us
2024-04-17T14:14:46.694Z;33.2503;132.3647;32;6.3;mww;386;29;1.351;0.81;us;us7000mcpi;2024-10-09T05:55:03.233Z;18 km W of Uwajima, Japan;earthquake;4.97;1.826;0.037;69;reviewed;us;us
2024-04-14T20:56:28.201Z;-5.8565;151.0953;49;6.5;mww;107;42;5.257;0.81;us;us7000mc2t;2024-06-17T02:15:36.040Z;111 km ESE of Kimbe, Papua New Guinea;earthquake;7.55;1.938;0.073;18;reviewed;us;us
2024-04-09T09:47:59.810Z;2.6982;127.0624;22;6.4;mww;267;23;1.937;0.48;us;us7000maxr;2024-10-09T06:30:56.317Z;150 km NW of Tobelo, Indonesia;earthquake;6.59;1.763;0.041;58;reviewed;us;us
2024-04-05T11:03:16.357Z;19.1103;145.3659;222;6.8;mww;199;31;3.869;0.85;us;us7000ma2w;2025-01-31T11:13:27.773Z;Maug Islands region, Northern Mariana Islands;earthquake;8.22;1.918;0.027;136;reviewed;us;us
2024-04-04T03:16:30.313Z;37.7104;141.856;29;6.1;mww;304;59;2.7;0.64;us;us7000m9sq;2024-06-12T21:51:53.040Z;77 km E of Minami-Sōma, Japan;earthquake;6.43;1.705;0.046;45;reviewed;us;us
2024-04-03T00:11:25.266Z;24.1021;121.6812;13.931;6.4;mww;183;50;0.63;0.77;us;us7000m9gc;2024-06-12T21:51:51.040Z;15 km NNE of Hualien City, Taiwan;earthquake;3.79;3.485;0.062;25;reviewed;us;us
2024-04-02T23:58:12.173Z;23.8356;121.5976;40;7.4;mww;322;17;0.337;0.93;us;us7000m9g4;2025-01-30T03:33:06.675Z;15 km S of Hualien City, Taiwan;earthquake;4.73;1.877;0.027;133;reviewed;us;us
2024-04-02T09:54:08.569Z;15.8146;146.8779;10;6.2;mww;247;37;1.195;0.43;us;us7000m9bq;2025-01-28T10:04:17.048Z;137 km ENE of Saipan, Northern Mariana Islands;earthquake;5.68;1.806;0.044;49;reviewed;us;us
2024-03-27T01:28:17.689Z;-21.0715;173.7373;10;6.4;mww;81;43;5.247;0.79;us;us7000m86i;2024-06-01T21:55:47.040Z;Vanuatu region;earthquake;9.36;1.74;0.043;53;reviewed;us;us
2024-03-23T20:22:04.348Z;-4.1292;143.134;41.464;6.9;mww;147;32;2.909;0.76;us;us6000mksx;2024-10-09T09:07:01.269Z;36 km ENE of Ambunti, Papua New Guinea;earthquake;8.06;2.476;0.047;44;reviewed;us;us
2024-03-22T08:52:58.999Z;-5.8754;112.3646;9.471;6.4;mww;208;39;2.239;0.62;us;us6000mkfz;2024-10-09T09:41:03.704Z;110 km N of Paciran, Indonesia;earthquake;5.96;3.096;0.038;65;reviewed;us;us
2024-03-14T21:10:24.786Z;29.7971;-42.6608;10;6.2;mww;189;54;16.297;0.59;us;us6000miy6;2024-05-18T21:22:58.040Z;northern Mid-Atlantic Ridge;earthquake;9.43;1.776;0.037;71;reviewed;us;us
2024-03-05T19:52:52.612Z;-59.1953;158.7607;10;6.1;mww;77;41;4.71;1.18;us;us6000mgyj;2024-05-15T17:35:05.040Z;Macquarie Island region;earthquake;11.98;1.775;0.05;38;reviewed;us;us
2024-03-03T16:16:53.995Z;-58.8881;159.1441;23.187;6.8;mww;49;58;4.403;0.57;us;us6000mghc;2024-05-10T21:25:58.040Z;Macquarie Island region;earthquake;10.52;3.009;0.037;72;reviewed;us;us
2024-02-23T01:51:13.973Z;-35.0892;-110.7745;10;6.3;mww;98;38;7.986;0.86;us;us7000m0zq;2024-05-02T15:50:12.040Z;southern East Pacific Rise;earthquake;9.49;1.767;0.057;30;reviewed;us;us
2024-02-12T11:19:34.858Z;22.0086;142.7919;236;6.1;mww;168;23;5.095;0.89;us;us7000lym6;2025-01-27T11:29:44.000Z;Volcano Islands, Japan region;earthquake;5.68;1.86;0.034;81;reviewed;us;us
2024-02-09T10:57:48.482Z;-29.9268;-177.2323;13;6.1;mww;210;26;0.893;0.74;us;us7000lxyv;2024-04-20T19:34:37.040Z;Kermadec Islands, New Zealand;earthquake;6.62;1.373;0.041;56;reviewed;us;us
2024-01-28T09:38:56.538Z;-8.236;-71.4005;621.081;6.5;mww;237;40;6.526;0.86;us;us7000lui3;2024-03-30T22:34:43.040Z;70 km W of Tarauacá, Brazil;earthquake;7.28;2.996;0.062;25;reviewed;us;us
2024-01-27T05:52:48.419Z;14.0636;-90.6159;90;6.1;mww;134;57;0.479;0.84;us;us7000luai;2024-09-15T05:04:21.428Z;15 km W of Taxisco, Guatemala;earthquake;7.28;1.935;0.033;87;reviewed;us;us
2024-01-23T14:33:45.022Z;-17.9827;168.0499;31;6.3;mww;248;38;4.339;0.71;us;us7000lt73;2024-06-18T21:50:31.741Z;39 km SW of Port-Vila, Vanuatu;earthquake;7.83;1.092;0.052;36;reviewed;us;us
2024-01-22T18:09:04.340Z;41.2555;78.6538;13;7;mww;121;29;0.428;0.64;us;us7000lsze;2024-11-05T07:53:05.477Z;128 km WNW of Aykol, China;earthquake;4.68;1.811;0.054;33;reviewed;us;us
2024-01-20T22:09:39.708Z;-39.93;46.1966;10;6.2;mww;102;18;7.701;0.62;us;us6000m53t;2024-03-29T17:37:55.040Z;Southwest Indian Ridge;earthquake;8.37;1.776;0.075;17;reviewed;us;us
2024-01-20T21:31:05.092Z;-7.2879;-71.464;607;6.6;mww;185;36;7.065;0.69;us;us6000m52p;2024-03-29T17:37:55.040Z;123 km NW of Tarauacá, Brazil;earthquake;9.42;1.919;0.073;18;reviewed;us;us
2024-01-20T15:48:40.121Z;18.5192;145.6341;184;6.1;mww;302;10;3.263;1.01;us;us6000m50e;2025-01-19T15:58:46.837Z;Pagan region, Northern Mariana Islands;earthquake;6.38;1.758;0.034;82;reviewed;us;us
2024-01-18T22:12:21.755Z;-18.9103;-175.4225;209;6.4;mww;121;22;1.372;0.7;us;us6000m4js;2024-03-29T17:37:53.040Z;148 km NW of Fangale’ounga, Tonga;earthquake;9.77;1.878;0.038;66;reviewed;us;us
2024-01-11T09:20:26.337Z;36.4979;70.6013;204;6.4;mww;140;17;3.122;1.02;us;us6000m31m;2024-03-16T19:00:18.040Z;45 km SSW of Jurm, Afghanistan;earthquake;6.09;1.879;0.039;62;reviewed;us;us
2024-01-08T20:48:42.361Z;4.9225;126.1575;62.574;6.7;mww;138;22;2.209;0.76;us;us6000m2jp;2024-03-16T19:00:03.040Z;93 km SE of Sarangani, Philippines;earthquake;7.15;3.404;0.06;27;reviewed;us;us
2024-01-01T07:18:41.584Z;37.1895;136.8272;10;6.2;mb;185;32;1.278;0.4;us;us6000m0xm;2025-01-04T22:53:01.431Z;8 km SW of Anamizu, Japan;earthquake;1.95;1.794;0.024;672;reviewed;us;us
2024-01-01T07:10:09.476Z;37.4874;137.271;10;7.5;mww;282;36;0.957;0.55;us;us6000m0xl;2024-11-27T14:17:10.012Z;2024 Noto Peninsula, Japan Earthquake;earthquake;4.03;1.807;0.034;82;reviewed;us;us
2023-12-30T17:16:23.833Z;-2.9934;139.372;33;6.3;mww;190;15;1.412;0.81;us;us6000m0n6;2024-05-23T16:43:01.175Z;146 km WSW of Abepura, Indonesia;earthquake;6.56;1.732;0.073;18;reviewed;us;us
2023-12-28T09:15:16.131Z;44.596;149.0388;31;6.5;mww;156;34;4.647;0.9;us;us6000m05c;2024-03-02T21:39:32.040Z;115 km SE of Kuril’sk, Russia;earthquake;7.66;1.777;0.048;42;reviewed;us;us
2023-12-22T17:36:32.014Z;-52.0879;27.9516;10;6.1;mww;284;19;16.565;0.8;us;us7000lkxb;2024-02-27T22:57:04.040Z;south of Africa;earthquake;9.31;1.668;0.065;23;reviewed;us;us
2023-12-21T14:55:56.291Z;51.2097;-175.3313;20;6.1;mww;126;52;0.862;0.69;us;usd0010b4f;2024-12-20T15:06:01.478Z;116 km SE of Adak, Alaska;earthquake;3.85;1.771;0.028;122;reviewed;us;us
2023-12-20T12:11:21.484Z;-15.8585;-72.5207;93;6.2;mww;184;70;3.253;0.79;us;us7000lkb1;2024-02-27T22:57:02.040Z;11 km E of Iray, Peru;earthquake;8.73;1.939;0.04;60;reviewed;us;us
2023-12-11T06:33:32.480Z;-18.8139;-175.6541;248;6.2;mww;233;47;2.382;0.54;us;us7000li15;2024-02-17T22:43:06.040Z;174 km NW of Fangale’ounga, Tonga;earthquake;9.3;1.888;0.05;39;reviewed;us;us
2023-12-07T12:56:30.184Z;-20.6152;169.3089;48;7.1;mww;146;20;2.637;1.08;us;us7000lgwp;2024-02-10T23:47:40.040Z;118 km S of Isangel, Vanuatu;earthquake;8.5;1.836;0.05;39;reviewed;us;us
2023-12-03T19:49:35.739Z;8.9705;126.6121;20;6.9;mww;151;25;2.148;0.93;us;us7000lfxx;2024-09-07T03:07:28.915Z;34 km ENE of Aras-asan, Philippines;earthquake;7.86;1.721;0.05;39;reviewed;us;us
2023-12-03T10:35:52.871Z;8.488;126.7454;19;6.6;mww;135;32;1.822;0.83;us;us7000lftp;2024-03-28T07:02:03.497Z;47 km ENE of Hinatuan, Philippines;earthquake;7.74;1.835;0.052;35;reviewed;us;us
2023-12-02T18:09:25.972Z;8.4402;126.9387;46.378;6.3;mww;225;15;1.916;0.71;us;us7000lfkh;2024-02-06T21:53:58.040Z;63 km ENE of Barcelona, Philippines;earthquake;5.84;3.655;0.098;10;reviewed;us;us
2023-12-02T17:40:15.233Z;8.423;126.722;36.091;6.1;mb;275;13;1.758;0.81;us;us7000lfjr;2024-02-06T21:53:58.040Z;41 km NE of Barcelona, Philippines;earthquake;8.06;4.454;0.03;416;reviewed;us;us
2023-12-02T16:03:41.167Z;8.4377;126.757;35;6.4;mww;125;65;1.792;0.96;us;us7000lfi0;2024-02-06T21:53:58.040Z;47 km NE of Barcelona, Philippines;earthquake;7.37;1.771;0.065;23;reviewed;us;us
2023-12-02T14:37:04.454Z;8.5266;126.4161;40;7.6;mww;128;43;1.668;0.98;us;us7000lff4;2025-01-05T07:59:29.443Z;19 km E of Gamut, Philippines;earthquake;8.48;1.895;0.028;124;reviewed;us;us
2023-11-27T21:46:42.183Z;-3.5605;144.0313;10;6.5;mww;248;15;3.482;0.5;us;us7000le6w;2024-02-06T21:53:53.040Z;44 km E of Wewak, Papua New Guinea;earthquake;6.08;1.578;0.093;11;reviewed;us;us
2023-11-24T09:05:03.893Z;20.1319;145.5195;22.163;6.9;mww;328;33;4.871;0.42;us;us6000lqf9;2024-11-23T09:15:09.121Z;Maug Islands region, Northern Mariana Islands;earthquake;8.03;3.827;0.058;29;reviewed;us;us
2023-11-22T04:47:31.590Z;-14.9603;167.9718;13;6.7;mww;120;23;6.575;0.55;us;us6000lq00;2024-02-01T15:13:42.040Z;97 km E of Port-Olry, Vanuatu;earthquake;8.25;1.738;0.047;44;reviewed;us;us
2023-11-17T08:14:10.513Z;5.5627;125.0013;52;6.7;mww;244;21;1.604;1.02;us;us6000lp12;2025-01-05T08:02:53.702Z;32 km SW of Kablalan, Philippines;earthquake;6.69;1.896;0.038;66;reviewed;us;us
2023-11-14T07:00:56.463Z;-4.033;87.1044;9;6.1;mww;132;54;12.583;0.86;us;usd00103xy;2024-01-26T16:38:00.040Z;South Indian Ocean;earthquake;8.47;1.813;0.043;52;reviewed;us;us
2023-11-13T07:43:34.115Z;-3.8855;151.067;10;6.1;mww;120;50;1.135;0.58;us;us7000lali;2024-01-26T16:37:58.040Z;126 km WNW of Rabaul, Papua New Guinea;earthquake;4.13;1.813;0.048;41;reviewed;us;us
2023-11-10T20:45:11.772Z;-6.0976;130.0606;9.969;6.1;mww;186;37;1.572;0.75;us;us7000la7r;2024-01-13T23:11:25.040Z;Banda Sea;earthquake;6.43;2.746;0.043;51;reviewed;us;us
2023-11-08T13:02:06.115Z;-6.131;129.8738;10;6.7;mww;179;28;1.598;0.42;us;us7000l9ku;2024-01-13T23:10:38.040Z;Banda Sea;earthquake;6.55;1.807;0.039;64;reviewed;us;us
2023-11-08T04:53:49.631Z;-6.416;129.5466;6;7.1;mww;142;53;5.771;0.7;us;us7000l9h4;2024-01-13T23:10:31.040Z;Banda Sea;earthquake;3.56;1.73;0.045;47;reviewed;us;us
2023-11-08T04:52:51.393Z;-6.4442;129.7518;10;6.7;mwb;106;29;5.74;0.82;us;us7000l9h2;2024-01-13T23:10:31.040Z;Banda Sea;earthquake;3.62;1.723;0.034;85;reviewed;us;us
2023-11-01T21:04:48.023Z;-10.0561;123.7541;51;6.1;mww;258;13;6.023;0.88;us;us7000l85t;2024-01-10T06:01:35.040Z;20 km NE of Kupang, Indonesia;earthquake;2.65;1.839;0.054;33;reviewed;us;us
2023-10-31T12:33:43.732Z;-28.7431;-71.5573;34;6.6;mww;169;32;0.685;0.52;us;us7000l7si;2024-01-10T06:01:24.040Z;80 km WSW of Vallenar, Chile;earthquake;4.65;1.868;0.069;20;reviewed;us;us
2023-10-31T11:10:56.943Z;-17.5412;-179.0263;560;6.5;mww;113;27;2.793;0.71;us;us7000l7qy;2024-01-10T06:01:23.040Z;185 km ENE of Levuka, Fiji;earthquake;10.25;1.963;0.052;36;reviewed;us;us
2023-10-16T11:35:30.449Z;52.5592;-176.924;174;6.4;mww;173;29;0.613;1.04;us;us6000lfvn;2024-10-15T11:45:33.903Z;78 km NNW of Adak, Alaska;earthquake;6.09;1.891;0.04;61;reviewed;us;us
2023-10-15T03:36:00.454Z;34.6529;62.1244;9;6.3;mww;125;21;5.708;0.92;us;us6000lfn5;2023-12-26T21:24:17.040Z;34 km NNW of Herāt, Afghanistan;earthquake;7.28;1.739;0.063;24;reviewed;us;us
2023-10-11T20:04:58.206Z;-52.0446;139.6131;10;6.3;mww;112;35;10.516;0.95;us;us6000lews;2023-12-16T22:13:07.040Z;west of Macquarie Island;earthquake;5.49;1.743;0.052;35;reviewed;us;us
2023-10-11T00:41:55.908Z;34.5364;62.0509;8;6.3;mww;423;21;4.645;0.7;us;us6000len8;2023-12-16T22:13:06.040Z;24 km NNW of Herāt, Afghanistan;earthquake;7.87;1.746;0.044;49;reviewed;us;us
2023-10-07T08:40:11.361Z;-5.4749;146.1439;52;6.9;mww;272;18;4.032;0.6;us;us6000ldqf;2023-12-14T21:26:55.040Z;48 km SE of Madang, Papua New Guinea;earthquake;1.83;1.929;0.052;35;reviewed;us;us
2023-10-07T08:34:26.985Z;-5.5729;146.138;55;6.7;mww;249;19;3.94;0.73;us;us6000ldqd;2023-12-14T21:26:55.040Z;54 km SE of Madang, Papua New Guinea;earthquake;5.46;1.931;0.054;33;reviewed;us;us
2023-10-07T07:12:49.702Z;34.5442;61.8891;8;6.3;mww;244;43;5.904;0.5;us;us6000ldpm;2023-12-14T21:26:55.040Z;25 km NNE of Zindah Jān, Afghanistan;earthquake;5.86;1.446;0.051;37;reviewed;us;us
2023-10-07T06:41:03.327Z;34.5982;61.9263;14;6.3;mww;279;43;5.872;0.58;us;us6000ldpg;2023-12-14T21:26:55.040Z;32 km NNE of Zindah Jān, Afghanistan;earthquake;6.63;1.812;0.048;41;reviewed;us;us
2023-10-06T01:31:17.149Z;30.1409;139.9683;10;6.1;mww;91;62;2.968;0.92;us;us6000ldbb;2023-12-14T21:26:53.040Z;Izu Islands, Japan region;earthquake;7.13;1.791;0.047;43;reviewed;us;us
2023-10-05T01:59:58.562Z;29.8466;139.9904;10;6.1;mww;218;37;3.262;0.89;us;us6000lcz1;2023-12-14T21:26:52.040Z;Izu Islands, Japan region;earthquake;7.54;1.77;0.041;57;reviewed;us;us
2023-10-04T11:21:47.730Z;5.3171;126.0438;113;6.4;mww;257;23;1.801;0.88;us;us6000lcri;2024-09-10T16:32:19.829Z;65 km E of Sarangani, Philippines;earthquake;6.22;1.901;0.037;71;reviewed;us;us
2023-09-28T14:40:25.892Z;-15.5866;167.741;125;6.1;mww;101;25;5.93;0.57;us;us6000lbdi;2023-12-09T22:00:40.040Z;62 km E of Luganville, Vanuatu;earthquake;4.19;1.883;0.038;67;reviewed;us;us
2023-09-21T21:11:48.933Z;-14.0192;167.2467;185;6.1;mww;161;16;7.084;0.63;us;us7000kx7j;2023-12-02T23:01:09.040Z;Vanuatu;earthquake;8.1;1.868;0.054;33;reviewed;us;us
2023-09-18T13:21:23.535Z;26.5312;125.2312;176;6.3;mww;165;21;2.324;0.84;us;us7000kwg2;2023-12-02T23:01:07.040Z;191 km N of Hirara, Japan;earthquake;6.96;1.844;0.044;49;reviewed;us;us
2023-09-13T11:49:15.813Z;-36.2299;-97.9312;10;6.1;mww;215;30;13.319;0.72;us;us7000kvhu;2023-11-18T22:29:33.040Z;West Chile Rise;earthquake;7.08;1.845;0.05;39;reviewed;us;us
2023-09-12T11:03:17.243Z;19.2355;121.2293;31.11;6.2;mww;275;21;4.083;0.51;us;us7000kv90;2023-11-18T22:29:33.040Z;69 km N of Namuac, Philippines;earthquake;7.65;3.219;0.062;25;reviewed;us;us
2023-09-08T22:11:01.405Z;31.058;-8.3847;19;6.8;mww;380;22;0.988;0.67;us;us7000kufc;2024-11-14T16:52:58.406Z;Al Haouz, Morocco;earthquake;3.62;3.098;0.032;95;reviewed;us;us
2023-09-08T09:09:57.277Z;-32.7996;-179.3741;79;6.6;mww;171;21;3.741;0.56;us;us7000ku47;2023-11-17T19:47:50.040Z;south of the Kermadec Islands;earthquake;8.23;1.928;0.052;36;reviewed;us;us
2023-09-06T23:48:04.632Z;-30.2737;-71.4817;36;6.3;mww;340;19;0.412;0.74;us;us7000ktti;2024-07-29T09:55:45.431Z;38 km SSW of Coquimbo, Chile;earthquake;4.82;1.522;0.04;60;reviewed;us;us
2023-09-01T20:49:54.440Z;50.6792;156.313;137;6.1;mww;297;18;2.58;0.59;us;us7000ksrl;2023-11-04T21:36:15.040Z;13 km E of Severo-Kuril’sk, Russia;earthquake;7.93;1.823;0.033;90;reviewed;us;us
2023-08-28T19:55:30.875Z;-6.7888;116.5211;500;7.1;mww;139;22;2.377;0.72;us;us7000krjx;2024-01-26T13:46:21.200Z;180 km NNE of Gili Air, Indonesia;earthquake;9.04;1.928;0.037;70;reviewed;us;us
2023-08-23T14:22:43.170Z;-26.8836;-63.2947;554;6.2;mww;201;34;4.581;0.64;us;us7000kqbl;2023-10-28T19:15:35.040Z;17 km NNW of El Hoyo, Argentina;earthquake;9.64;1.947;0.038;68;reviewed;us;us
2023-08-17T17:04:48.770Z;4.3463;-73.6199;10;6.1;mww;111;64;0.857;0.87;us;us7000kp2i;2023-10-27T21:39:03.040Z;10 km E of El Calvario, Colombia;earthquake;9;1.789;0.063;24;reviewed;us;us
2023-08-16T12:47:39.720Z;-13.8882;167.2249;188;6.5;mww;203;24;7.196;0.57;us;us7000knq0;2023-10-27T21:39:02.040Z;35 km W of Sola, Vanuatu;earthquake;8.72;1.922;0.068;21;reviewed;us;us
2023-08-14T13:51:53.761Z;13.347;147.5297;8;6.1;mww;188;23;2.528;0.58;us;us6000kzv3;2024-08-13T14:02:04.374Z;Mariana Islands region;earthquake;6.96;1.434;0.052;36;reviewed;us;us
2023-08-08T18:38:54.184Z;-15.2082;-173.1883;42;6.1;mww;208;38;1.877;1.27;us;us6000kyph;2023-10-17T22:01:28.040Z;105 km NE of Hihifo, Tonga;earthquake;6.46;1.856;0.043;53;reviewed;us;us
2023-08-05T07:20:06.009Z;-28.1775;-63.1836;575;6.2;mww;248;33;4.325;0.56;us;us6000ky1y;2023-10-07T21:38:59.040Z;Santiago del Estero, Argentina;earthquake;9.79;1.94;0.027;132;reviewed;us;us
2023-07-26T12:44:35.646Z;-14.74;167.9135;13;6.4;mww;198;27;6.734;0.62;us;us6000kvmq;2023-09-30T21:36:31.040Z;96 km ENE of Port-Olry, Vanuatu;earthquake;7.37;1.722;0.053;34;reviewed;us;us
2023-07-19T00:22:07.656Z;12.8;-88.0796;70.808;6.5;mww;156;65;0.706;1.08;us;us7000kgpb;2023-12-10T22:02:14.497Z;43 km S of Intipucá, El Salvador;earthquake;6.75;3.291;0.04;59;reviewed;us;us
2023-07-17T03:05:11.472Z;-38.1862;-70.4427;186;6.6;mww;134;18;1.61;0.63;us;us7000kg9g;2024-01-23T17:39:13.277Z;19 km SE of Loncopué, Argentina;earthquake;6.06;1.803;0.047;44;reviewed;us;us
2023-07-16T06:48:21.158Z;54.3926;-160.762;25;7.2;mww;410;62;0.973;0.69;us;us7000kg30;2024-07-15T06:58:31.631Z;106 km S of Sand Point, Alaska;earthquake;4.17;1.864;0.025;156;reviewed;us;us
2023-07-14T09:29:00.404Z;14.9004;-93.9011;34;6.3;mww;358;83;2.186;0.64;us;us7000kfnc;2023-09-16T19:16:15.040Z;Offshore Chiapas, Mexico;earthquake;5.25;1.821;0.033;89;reviewed;us;us
2023-07-10T20:28:26.195Z;20.0634;-61.1021;14;6.6;mww;172;24;2.469;0.72;us;us7000keq3;2023-09-16T19:16:09.040Z;278 km NNE of Codrington, Antigua and Barbuda;earthquake;5.48;1.497;0.057;30;reviewed;us;us
2023-07-02T10:27:43.732Z;-17.881;-174.9484;229;6.9;mww;108;21;1.181;0.96;us;us6000kpls;2023-09-09T21:54:36.040Z;132 km NW of Neiafu, Tonga;earthquake;5.01;1.909;0.041;58;reviewed;us;us
2023-06-25T07:16:58.830Z;-24.0818;-175.576;9;6.2;mww;102;37;2.919;0.5;us;us7000kayb;2023-09-08T14:18:39.040Z;south of Tonga;earthquake;9.12;1.84;0.041;56;reviewed;us;us
2023-06-19T11:18:11.960Z;-4.4729;144.8345;23.844;6.2;mww;108;22;4.56;0.61;us;us7000k9jv;2023-08-26T20:54:23.040Z;96 km ESE of Angoram, Papua New Guinea;earthquake;7.71;3.418;0.049;40;reviewed;us;us
2023-06-18T20:30:21.227Z;23.1671;-108.6922;4;6.4;mww;101;100;1.261;0.73;us;us7000k9f0;2023-08-26T20:54:15.040Z;Gulf of California;earthquake;5.68;1.597;0.033;88;reviewed;us;us
2023-06-17T11:26:20.456Z;-23.4652;-175.472;22;6.1;mww;54;60;2.298;0.35;us;us7000k96l;2023-08-21T04:19:18.040Z;241 km SSW of ‘Ohonua, Tonga;earthquake;5.6;1.9;0.049;40;reviewed;us;us
2023-06-16T19:10:51.064Z;-23.5577;-175.6208;16;6.2;mww;120;24;2.408;0.94;us;us7000k91w;2023-08-21T04:19:13.040Z;254 km SSW of ‘Ohonua, Tonga;earthquake;7.97;1.704;0.041;56;reviewed;us;us
2023-06-15T18:06:28.572Z;-22.9936;-177.1067;179;7.2;mww;146;21;2.532;0.89;us;us7000k8qh;2023-08-21T04:19:00.040Z;274 km SW of Houma, Tonga;earthquake;8.63;1.854;0.054;33;reviewed;us;us
2023-06-15T02:19:23.272Z;13.7629;120.7203;112;6.2;mww;146;22;8.189;0.64;us;us7000k8jz;2024-05-13T02:01:00.086Z;Mindoro, Philippines;earthquake;7.51;1.81;0.034;84;reviewed;us;us
2023-06-11T09:54:44.886Z;42.5268;141.9005;121;6.2;mww;143;31;1.064;0.53;us;us7000k7su;2023-08-21T04:18:40.040Z;20 km WSW of Biratori, Japan;earthquake;5.62;1.905;0.032;94;reviewed;us;us
2023-05-31T02:21:23.997Z;-49.6093;163.8553;14.778;6.3;mww;138;52;3.934;0.86;us;us7000k54z;2023-08-05T22:07:41.040Z;Auckland Islands, New Zealand region;earthquake;9.95;3.019;0.066;22;reviewed;us;us
2023-05-26T10:03:24.100Z;35.5294;140.5281;42;6.1;mww;259;51;2.102;0.57;us;us7000k46f;2023-07-29T22:00:40.040Z;12 km SE of Narutō, Japan;earthquake;7.42;1.932;0.038;66;reviewed;us;us
2023-05-25T03:05:32.956Z;8.9223;-77.0904;13;6.5;mww;113;87;2.12;0.62;us;us7000k3n3;2023-07-29T22:00:35.040Z;45 km NE of Puerto Obaldía, Panama;earthquake;6.62;1.815;0.044;49;reviewed;us;us
2023-05-24T15:49:34.402Z;-6.9484;129.5293;158;6.2;mww;289;23;2.439;0.59;us;us7000k3h5;2023-07-29T22:00:34.040Z;Banda Sea;earthquake;7.21;1.818;0.042;54;reviewed;us;us
2023-05-23T06:41:58.609Z;-22.9954;170.3067;10;6.1;mww;90;47;2.667;0.51;us;us7000k36n;2023-07-29T22:00:30.040Z;290 km E of Vao, New Caledonia;earthquake;7.28;1.85;0.036;73;reviewed;us;us
2023-05-21T15:45:13.303Z;-10.2725;161.4437;82.297;6.1;mww;105;17;1.691;0.89;us;us6000kdnw;2023-07-29T22:00:26.040Z;55 km WNW of Kirakira, Solomon Islands;earthquake;8.26;4.38;0.075;17;reviewed;us;us
2023-05-21T14:56:48.208Z;-43.3991;39.3035;28;6.8;mww;82;33;9.411;0.96;us;us6000kdmq;2023-07-29T22:00:26.040Z;Prince Edward Islands region;earthquake;9.75;1.845;0.071;19;reviewed;us;us
2023-05-20T02:09:54.333Z;-22.956;170.5524;10;6.5;mww;82;33;2.887;0.82;us;us6000kdcu;2024-01-18T19:58:16.076Z;southeast of the Loyalty Islands;earthquake;8.15;1.636;0.028;119;reviewed;us;us
2023-05-20T01:50:59.158Z;-23.0421;170.5603;27.309;7.1;mww;235;15;2.904;0.72;us;us6000kdce;2023-07-24T01:15:40.040Z;southeast of the Loyalty Islands;earthquake;5.52;3.276;0.053;34;reviewed;us;us
2023-05-19T02:57:03.172Z;-23.2063;170.7423;18.053;7.7;mww;278;15;3.096;0.89;us;us6000kd0n;2023-07-24T01:16:07.040Z;southeast of the Loyalty Islands;earthquake;7.07;2.58;0.035;79;reviewed;us;us
2023-05-17T23:01:59.919Z;15.1066;-90.8052;252;6.4;mww;349;37;1.556;0.86;us;us6000kcnb;2024-06-12T03:06:12.807Z;8 km SE of Canillá, Guatemala;earthquake;6.92;1.674;0.024;174;reviewed;us;us
2023-05-10T16:02:00.334Z;-15.6278;-174.4925;210;7.6;mww;380;15;3.744;0.7;us;us6000kawn;2023-07-22T19:16:37.040Z;82 km WNW of Hihifo, Tonga;earthquake;7.37;1.841;0.055;32;reviewed;us;us
2023-05-05T05:42:04.365Z;37.5476;137.2994;10;6.2;mww;127;32;1.235;0.64;us;us6000k9mb;2023-08-01T03:01:15.072Z;49 km NE of Anamizu, Japan;earthquake;8.07;1.833;0.061;26;reviewed;us;us
2023-04-28T03:13:48.476Z;-25.1498;178.4274;563;6.6;mww;127;46;5.212;0.9;us;us7000jwhe;2023-07-11T01:45:44.040Z;south of the Fiji Islands;earthquake;10.41;1.946;0.098;10;reviewed;us;us
2023-04-24T20:00:57.265Z;-0.8082;98.5112;34;7.1;mww;131;34;2.297;0.7;us;us7000jvl3;2023-07-11T01:45:09.040Z;171 km SSE of Teluk Dalam, Indonesia;earthquake;7.37;1.785;0.062;25;reviewed;us;us
2023-04-24T00:41:55.894Z;-29.9574;-177.8386;46.755;7.1;mww;134;23;0.697;0.53;us;us6000k6mg;2023-07-11T01:45:22.040Z;Kermadec Islands, New Zealand;earthquake;8.62;3.078;0.048;42;reviewed;us;us
2023-04-22T08:23:42.033Z;-5.2611;125.585;4;6.2;mww;163;37;4.366;0.57;us;us6000k6ai;2023-07-03T02:46:42.040Z;Banda Sea;earthquake;6.72;1.838;0.052;35;reviewed;us;us
2023-04-19T09:06:03.150Z;-5.9496;149.635;40;6.3;mww;178;36;3.065;0.98;us;us6000k5gu;2023-07-03T02:47:09.040Z;30 km NNE of Kandrian, Papua New Guinea;earthquake;4.62;1.943;0.043;53;reviewed;us;us
2023-04-18T04:31:42.284Z;-22.3188;179.4509;580;6.7;mww;155;19;4.737;0.69;us;us6000k587;2024-01-18T19:48:54.147Z;south of the Fiji Islands;earthquake;8.72;1.897;0.06;27;reviewed;us;us
2023-04-14T09:55:45.220Z;-6.0413;112.0478;597;7;mww;203;31;1.885;0.71;us;us6000k49j;2023-06-27T06:16:48.251Z;Java, Indonesia;earthquake;9.21;1.944;0.055;32;reviewed;us;us
2023-04-04T22:18:12.640Z;7.5671;-82.3345;16;6.3;mww;320;33;1.286;0.61;us;us6000k20g;2024-10-09T15:09:39.096Z;73 km S of Boca Chica, Panama;earthquake;5.61;1.679;0.039;63;reviewed;us;us
2023-04-04T12:54:31.503Z;13.7318;125.5376;10;6.2;mww;287;25;6.621;0.49;us;us6000k1x2;2023-06-13T03:13:03.040Z;124 km E of Gigmoto, Philippines;earthquake;7.7;1.799;0.04;59;reviewed;us;us
2023-04-03T14:59:41.845Z;0.8388;98.835;84;6.1;mww;145;38;1.341;0.85;us;us6000k1qa;2024-10-09T15:34:59.556Z;77 km SW of Padangsidempuan, Indonesia;earthquake;5.56;1.521;0.062;25;reviewed;us;us
2023-04-03T03:06:57.235Z;52.7227;158.4935;101;6.5;mww;323;12;0.316;0.72;us;us6000k1mn;2023-06-13T03:13:19.040Z;23 km SSE of Vilyuchinsk, Russia;earthquake;7.61;1.611;0.063;24;reviewed;us;us
2023-04-02T18:04:11.261Z;-4.3229;143.1658;70;7;mww;154;20;3.044;0.83;us;us6000k1id;2024-01-18T19:41:52.360Z;40 km ESE of Ambunti, Papua New Guinea;earthquake;7.73;1.874;0.047;44;reviewed;us;us
2023-03-30T17:33:08.544Z;-35.6663;-73.4965;26;6.3;mww;151;52;1.107;0.56;us;us6000k0xf;2024-10-09T15:58:16.860Z;105 km WSW of Constitución, Chile;earthquake;5.64;1.828;0.043;51;reviewed;us;us
2023-03-27T22:19:15.181Z;-8.2322;158.9118;79;6.2;mww;324;11;1.576;0.72;us;us6000k05c;2023-06-03T22:06:02.040Z;Solomon Islands;earthquake;7.93;1.845;0.043;52;reviewed;us;us
2023-03-22T16:00:34.663Z;-23.4224;-66.4954;228;6.4;mww;249;23;1.618;0.91;us;us7000jlxu;2024-10-09T17:29:43.182Z;86 km WSW of El Aguilar, Argentina;earthquake;8.26;1.855;0.044;50;reviewed;us;us
2023-03-21T16:47:23.626Z;36.523;70.943;192;6.5;mww;164;12;2.512;0.94;us;us7000jln7;2023-10-22T17:50:55.996Z;40 km SSE of Jurm, Afghanistan;earthquake;6.23;1.842;0.057;30;reviewed;us;us
2023-03-18T17:12:52.481Z;-2.7834;-79.8518;68;6.8;mww;308;23;0.664;0.92;us;us7000jl3s;2024-10-09T14:17:19.095Z;14 km NNW of Baláo, Ecuador;earthquake;6.49;1.818;0.038;68;reviewed;us;us
2023-03-16T00:56:00.149Z;-30.1741;-176.2047;10;7;mww;324;8;1.747;0.68;us;us7000jkbd;2024-10-09T16:07:48.687Z;Kermadec Islands region;earthquake;8.29;1.605;0.078;16;reviewed;us;us
2023-03-14T00:49:08.469Z;-5.4205;146.8342;213;6.3;mww;184;11;3.972;0.49;us;us7000jjp7;2023-05-20T23:20:21.040Z;118 km E of Madang, Papua New Guinea;earthquake;7.35;1.727;0.041;57;reviewed;us;us
2023-03-04T06:41:23.113Z;-29.5023;-178.7965;211;6.9;mww;345;23;0.799;0.61;us;us7000jh99;2023-05-08T02:00:44.040Z;Kermadec Islands, New Zealand;earthquake;9.91;1.901;0.045;47;reviewed;us;us
2023-03-02T18:04:30.810Z;-15.3766;166.3907;17;6.5;mww;70;45;5.522;1.23;us;usd000j5jt;2023-05-08T02:00:22.040Z;83 km WSW of Port-Olry, Vanuatu;earthquake;7.88;0.407;0.043;52;reviewed;us;us
2023-03-01T05:36:14.834Z;-4.8255;149.5041;600.933;6.6;mww;156;11;2.725;0.76;us;us7000jgfd;2024-10-09T16:08:08.898Z;106 km NW of Kimbe, Papua New Guinea;earthquake;7.68;1.992;0.059;28;reviewed;us;us
2023-02-25T21:24:47.577Z;-6.0883;149.828;34;6.2;mww;119;25;2.994;0.53;us;us6000jrlp;2023-04-29T21:57:40.040Z;33 km ENE of Kandrian, Papua New Guinea;earthquake;7.59;1.813;0.046;46;reviewed;us;us
2023-02-23T20:02:47.541Z;3.2796;128.1356;92;6.3;mww;141;27;2.607;0.89;us;us6000jr32;2024-10-09T17:59:26.485Z;172 km N of Tobelo, Indonesia;earthquake;6.8;1.873;0.056;31;reviewed;us;us
2023-02-23T00:37:38.163Z;38.0552;73.2287;9;6.9;mww;300;12;1.807;0.51;us;us6000jqxc;2024-10-09T18:05:17.145Z;65 km WSW of Murghob, Tajikistan;earthquake;7.96;1.699;0.043;52;reviewed;us;us
2023-02-20T17:04:29.747Z;36.1616;36.0251;16;6.3;mww;146;26;1.387;0.95;us;us6000jqcn;2024-10-09T13:50:37.493Z;2 km NNW of Uzunba?, Turkey;earthquake;4.9;0.943;0.031;97;reviewed;us;us
2023-02-17T09:37:34.656Z;-6.6176;132.106;39.742;6.1;mww;177;32;3.022;0.56;us;us6000jpl7;2024-10-09T15:30:05.894Z;130 km SSW of Tual, Indonesia;earthquake;6.77;6.347;0.047;44;reviewed;us;us
2023-02-15T18:10:08.107Z;12.3099;123.8605;8;6.1;mww;193;38;5.476;0.6;us;us6000jp76;2023-04-22T21:33:11.040Z;9 km NNE of Miaga, Philippines;earthquake;7.76;1.78;0.036;76;reviewed;us;us
2023-02-13T09:18:12.524Z;-29.3698;-178.9718;354;6.1;mww;120;34;0.919;1.07;us;us6000jnk5;2023-04-22T21:33:05.040Z;Kermadec Islands, New Zealand;earthquake;9.97;1.679;0.049;40;reviewed;us;us
2023-02-06T10:24:48.811Z;38.0106;37.1962;7.432;7.5;mww;111;29;0.73;0.7;us;us6000jlqa;2024-12-19T18:13:06.620Z;Elbistan earthquake, Kahramanmaras earthquake sequence;earthquake;5.09;3.709;0.041;58;reviewed;us;us
2023-02-06T01:28:15.784Z;37.1893;36.8929;9.797;6.7;mww;194;19;0.254;0.68;us;us6000jlm1;2023-09-22T20:09:20.631Z;14 km E of Nurda??, Turkey;earthquake;7.68;3.333;0.098;10;reviewed;us;us
2023-02-06T01:17:34.342Z;37.2256;37.0143;10;7.8;mww;266;17;0.165;0.66;us;us6000jllz;2024-12-31T00:15:30.020Z;Pazarcik earthquake, Kahramanmaras earthquake sequence;earthquake;5.23;1.784;0.05;38;reviewed;us;us
2023-01-24T18:36:58.973Z;-26.7196;-63.1128;580;6.4;mww;295;16;5.194;0.8;us;us6000jiyj;2023-04-11T18:51:29.040Z;Santiago del Estero, Argentina;earthquake;8.33;1.861;0.035;79;reviewed;us;us
2023-01-20T22:09:39.053Z;-26.7506;-63.0824;596.837;6.8;mww;182;35;5.169;0.77;us;us7000j5x2;2024-01-18T19:13:45.212Z;29 km SW of Campo Gallo, Argentina;earthquake;9.37;2.786;0.047;43;reviewed;us;us
2023-01-20T11:23:40.603Z;16.1397;-62.1529;162;6.1;mww;160;18;0.526;0.49;us;us7000j5sc;2024-11-24T06:00:57.772Z;40 km WSW of Pointe-Noire, Guadeloupe;earthquake;5.48;1.874;0.039;63;reviewed;us;us
2023-01-18T06:06:11.454Z;2.7306;127.0221;29.708;7;mwc;141;21;1.976;0.95;us;us7000j553;2023-10-09T22:58:31.015Z;156 km NW of Tobelo, Indonesia;earthquake;6.7;3.131;0.027;133;reviewed;us;us
2023-01-16T04:49:51.935Z;28.9804;139.3452;405;6.3;mww;345;11;3.134;0.59;us;us7000j4mj;2023-03-31T19:44:34.040Z;Bonin Islands, Japan region;earthquake;5.55;1.813;0.032;96;reviewed;us;us
2023-01-15T22:29:58.940Z;1.9837;97.9979;37;6.1;mww;138;32;0.796;0.52;us;us7000j4kr;2023-03-31T19:44:29.040Z;40 km SE of Singkil, Indonesia;earthquake;6.09;1.851;0.039;63;reviewed;us;us
2023-01-09T17:47:35.037Z;-7.0586;130.009;104.95;7.6;mww;113;21;1.574;0.8;us;us7000j36j;2023-04-05T16:41:13.472Z;Pulau Pulau Tanimbar, Indonesia;earthquake;6.9;2.259;0.041;58;reviewed;us;us
2023-01-08T12:32:42.372Z;-14.9467;166.8791;29;7;mww;116;36;6.096;0.57;us;us7000j2yw;2023-03-20T06:02:58.040Z;23 km WNW of Port-Olry, Vanuatu;earthquake;7.75;1.851;0.042;54;reviewed;us;us
2022-12-28T16:34:19.271Z;-21.2566;171.3773;4;6.1;mww;221;23;3.891;0.56;us;us7000j0n4;2024-01-18T19:06:40.959Z;289 km SE of Isangel, Vanuatu;earthquake;7.23;1.746;0.047;44;reviewed;us;us
2022-12-20T10:34:24.770Z;40.525;-124.423;17.91;6.4;mw;38;214;0.0818;0.18;nc;nc73821036;2024-12-05T23:35:51.578Z;15km WSW of Ferndale, CA;earthquake;0.67;0.4;;0;reviewed;nc;nc
2022-12-14T18:40:26.898Z;51.6079;178.5971;73;6.3;mww;248;31;0.345;1.2;us;us6000j985;2024-11-29T00:31:36.885Z;Rat Islands, Aleutian Islands, Alaska;earthquake;6.02;1.792;0.045;47;reviewed;us;us
2022-12-04T19:24:15.394Z;-15.3497;-172.9867;38;6.8;mww;152;26;2.587;0.66;us;us6000j6w8;2023-02-11T23:03:06.040Z;109 km NE of Hihifo, Tonga;earthquake;7.51;1.866;0.056;31;reviewed;us;us
2022-11-23T01:08:15.435Z;40.8356;30.9831;10;6.1;mww;286;14;0.399;0.64;us;us7000irp8;2024-10-23T05:22:10.667Z;15 km W of Düzce, Turkey;earthquake;5.05;1.647;0.052;35;reviewed;us;us
2022-11-22T16:39:05.789Z;30.7936;-116.3907;10;6.2;mww;164;61;0.494;0.75;us;us7000irjd;2023-03-30T07:15:48.466Z;28 km SW of Las Brisas, Mexico;earthquake;4.14;1.745;0.029;118;reviewed;us;us
2022-11-22T02:03:06.891Z;-9.8198;159.6033;14;7;mww;117;17;0.509;0.58;us;us7000irfb;2023-01-30T06:00:41.040Z;18 km SW of Malango, Solomon Islands;earthquake;6.26;1.711;0.055;32;reviewed;us;us
2022-11-18T13:37:08.687Z;-4.9043;100.7862;25;6.9;mww;99;34;2.229;0.52;us;us7000iqpn;2023-01-28T19:58:26.040Z;204 km SW of Bengkulu, Indonesia;earthquake;6.86;1.872;0.05;39;reviewed;us;us
2022-11-14T08:08:26.124Z;33.8139;137.3055;346;6.1;mww;274;28;1.127;0.63;us;us7000ipkm;2023-01-28T19:58:14.040Z;85 km SSE of Toba, Japan;earthquake;7.92;1.907;0.042;54;reviewed;us;us
2022-11-14T05:04:11.890Z;-26.0027;178.2034;630.185;6.1;mww;109;27;8.219;0.66;us;us7000ipkb;2023-01-28T19:58:13.040Z;south of the Fiji Islands;earthquake;10.13;3.307;0.053;34;reviewed;us;us
2022-11-13T02:24:57.830Z;-37.4652;-73.6757;18;6.2;mww;104;94;0.814;0.89;us;us7000ipe4;2023-01-28T19:58:11.040Z;Near the coast of Bio-Bio, Chile;earthquake;6.67;1.743;0.069;20;reviewed;us;us
2022-11-12T07:09:13.514Z;-20.1112;-178.3453;579;7;mww;147;18;3.125;0.73;us;us7000ip8h;2024-01-18T17:21:29.657Z;Fiji region;earthquake;9.87;1.962;0.06;27;reviewed;us;us
2022-11-11T10:48:46.710Z;-19.2881;-172.1471;37;7.3;mww;149;21;1.865;0.62;us;us7000ip0l;2023-01-21T19:27:21.040Z;205 km ESE of Neiafu, Tonga;earthquake;6.61;1.937;0.063;24;reviewed;us;us
2022-11-09T10:14:33.810Z;-25.5781;178.2612;624.464;6.6;mww;131;27;4.998;0.65;us;us7000inht;2024-01-18T17:20:24.620Z;south of the Fiji Islands;earthquake;9.57;4.605;0.098;10;reviewed;us;us
2022-11-09T09:51:04.068Z;-26.0901;178.3427;660;7;mwb;142;26;4.578;0.66;us;us7000ingi;2023-01-21T19:27:16.040Z;south of the Fiji Islands;earthquake;10.35;1.971;0.038;66;reviewed;us;us
2022-11-09T09:38:42.828Z;-26.0077;178.2776;630.379;6.8;mww;136;22;4.678;0.74;us;us7000ingh;2023-01-21T19:27:16.040Z;south of the Fiji Islands;earthquake;8.79;3.199;0.051;37;reviewed;us;us
2022-11-04T10:02:46.346Z;28.1573;-112.3106;10;6.1;mww;150;91;0.837;0.38;us;us7000imgl;2023-03-08T18:20:14.734Z;82 km SSW of Bahía de Kino, Mexico;earthquake;5.62;1.847;0.039;63;reviewed;us;us
2022-11-02T14:17:53.832Z;-60.7841;-25.7774;25;6.1;mww;139;31;8.689;0.3;us;us7000ilyk;2023-01-12T23:11:03.040Z;South Sandwich Islands region;earthquake;9.92;1.864;0.052;36;reviewed;us;us
2022-10-25T14:59:00.085Z;17.6609;120.8147;6;6.4;mww;124;25;5.137;0.55;us;us6000iwds;2023-06-07T07:51:43.943Z;11 km E of Dolores, Philippines;earthquake;7.31;1.778;0.05;38;reviewed;us;us
2022-10-25T00:13:01.678Z;-58.7769;-26.1414;79;6.3;mww;114;28;7.278;0.65;us;us6000iw74;2024-01-18T17:15:26.763Z;South Sandwich Islands region;earthquake;6.32;1.849;0.062;25;reviewed;us;us
2022-10-20T11:57:12.575Z;7.6901;-82.3342;20;6.7;mww;145;37;1.151;1.02;us;us6000iv6c;2022-12-31T23:03:41.040Z;60 km SSW of Boca Chica, Panama;earthquake;4.36;1.731;0.033;90;reviewed;us;us
2022-10-16T12:48:21.665Z;4.3584;-87.5675;15;6.3;mww;158;80;5.689;0.38;us;us6000iu4b;2022-12-31T23:03:34.040Z;off the coast of Central America;earthquake;7.01;1.856;0.039;63;reviewed;us;us
2022-10-13T22:20:20.620Z;-4.812;153.5906;72;6.4;mww;129;20;1.55;0.65;us;us6000itgv;2022-12-17T22:54:03.040Z;155 km ESE of Kokopo, Papua New Guinea;earthquake;5.07;1.754;0.049;40;reviewed;us;us
2022-10-09T16:38:04.811Z;-1.3636;-23.9041;10;6.2;mww;64;43;11.532;0.85;us;us6000isau;2022-12-17T22:53:46.040Z;central Mid-Atlantic Ridge;earthquake;8.55;1.809;0.036;74;reviewed;us;us
2022-09-29T03:03:24.073Z;-60.8308;-20.025;11;6.5;mww;125;37;10.987;0.68;us;us6000ip57;2022-12-03T22:02:37.040Z;east of the South Sandwich Islands;earthquake;8.93;1.683;0.049;40;reviewed;us;us
2022-09-23T22:53:27.870Z;-41.3788;-75.5767;20;6.1;mww;233;49;1.582;0.6;us;us7000iam0;2022-12-02T19:49:24.851Z;156 km WNW of Ancud, Chile;earthquake;6.71;1.763;0.044;49;reviewed;us;us
2022-09-23T20:52:58.398Z;3.8109;96.0514;42.181;6.2;mww;197;20;1.668;0.73;us;us7000iaka;2022-11-26T20:58:00.040Z;37 km SSW of Meulaboh, Indonesia;earthquake;6.54;3.541;0.059;28;reviewed;us;us
2022-09-22T06:16:09.459Z;18.2633;-102.9554;20;6.8;mww;175;92;2.137;0.66;us;us7000ia36;2024-10-07T06:58:04.564Z;55 km SSW of Aguililla, Mexico;earthquake;5.51;1.661;0.045;48;reviewed;us;us
2022-09-19T18:05:08.217Z;18.4552;-102.9561;26.943;7.6;mww;271;69;1.153;0.76;us;us7000i9bw;2025-01-04T07:35:12.168Z;35 km SSW of Aguililla, Mexico;earthquake;5.57;1.465;0.025;159;reviewed;us;us
2022-09-18T06:44:13.846Z;23.138;121.3439;10;6.9;mww;215;34;0.401;0.58;us;us7000i90q;2024-04-11T17:09:28.863Z;90 km E of Yujing, Taiwan;earthquake;6.07;1.822;0.038;68;reviewed;us;us
2022-09-17T13:41:17.890Z;23.1191;121.4138;10;6.5;mww;178;54;0.43;0.75;us;us7000i8ui;2024-04-11T17:05:28.424Z;96 km SE of Lugu, Taiwan;earthquake;7.54;1.746;0.038;67;reviewed;us;us
2022-09-14T11:04:06.558Z;-21.1909;170.2666;137;7;mww;192;45;2.977;0.65;us;us7000i7ya;2024-04-11T17:02:21.950Z;209 km SSE of Isangel, Vanuatu;earthquake;7.64;1.934;0.047;43;reviewed;us;us
2022-09-10T23:47:00.233Z;-6.2944;146.5038;116;7.6;mww;272;12;3.158;0.62;us;us6000iitd;2022-11-19T23:02:16.040Z;70 km E of Kainantu, Papua New Guinea;earthquake;7.8;1.827;0.037;70;reviewed;us;us
2022-09-10T00:05:12.947Z;-2.2313;138.1784;21;6.2;mww;150;24;5.963;0.62;us;us6000iikp;2022-11-19T23:02:11.040Z;260 km ESE of Biak, Indonesia;earthquake;7.75;1.788;0.046;45;reviewed;us;us
2022-09-09T23:31:47.409Z;-2.2492;138.1979;18;6.2;mww;142;15;5.98;0.64;us;us6000iika;2022-11-15T19:05:55.040Z;Papua, Indonesia;earthquake;3.4;1.711;0.047;43;reviewed;us;us
2022-09-05T04:52:19.645Z;29.6786;102.236;12;6.6;mww;141;34;8.454;0.52;us;us7000i59t;2023-11-03T03:49:31.226Z;44 km SE of Kangding, China;earthquake;8.19;1.746;0.04;59;reviewed;us;us
2022-09-04T23:57:31.734Z;-56.0375;-124.478;10;6.2;mww;74;69;28.267;0.75;us;us7000i585;2022-11-15T19:06:06.040Z;southern East Pacific Rise;earthquake;12.82;1.807;0.063;24;reviewed;us;us
2022-09-04T09:42:18.219Z;-0.9339;-21.7155;10;6.9;mww;107;37;10.102;0.51;us;us7000i53f;2024-03-14T23:31:11.047Z;central Mid-Atlantic Ridge;earthquake;8.62;1.248;0.035;78;reviewed;us;us
2022-09-02T22:39:51.520Z;-5.6524;148.7121;125;6.1;mww;161;17;3.733;0.84;us;us7000i4st;2022-11-06T04:35:47.040Z;110 km WNW of Kandrian, Papua New Guinea;earthquake;7.77;1.872;0.045;48;reviewed;us;us
2022-08-30T09:09:43.266Z;-54.6506;-136.1522;10;6.3;mww;155;33;28.223;0.38;us;us7000i3mp;2024-01-18T16:45:45.573Z;Pacific-Antarctic Ridge;earthquake;3.78;1.849;0.069;20;reviewed;us;us
2022-08-29T03:29:13.691Z;-0.988;98.6046;17;6.2;mww;118;23;2.498;0.64;us;us7000i38s;2023-03-16T05:38:40.641Z;173 km WSW of Pariaman, Indonesia;earthquake;6.77;1.603;0.06;27;reviewed;us;us
2022-08-23T14:31:39.374Z;-5.0926;103.079;45.258;6.2;mww;115;42;0.738;0.72;us;us6000id0t;2023-06-19T04:44:31.103Z;119 km S of Pagar Alam, Indonesia;earthquake;5.19;3.158;0.046;46;reviewed;us;us
2022-08-14T21:04:44.737Z;-22.0781;170.966;78;6.4;mww;126;31;3.301;0.65;us;us6000iav7;2024-01-18T16:43:33.458Z;southeast of the Loyalty Islands;earthquake;7.75;1.857;0.039;62;reviewed;us;us
2022-08-14T13:44:19.694Z;-32.7361;-179.0088;30;6.6;mww;68;34;5.293;0.61;us;us6000iasi;2022-10-28T02:25:54.040Z;south of the Kermadec Islands;earthquake;5.55;1.839;0.059;28;reviewed;us;us
2022-07-28T04:15:03.913Z;-21.9311;-70.3386;54;6.1;mww;129;25;0.556;0.9;us;us6000i636;2022-10-01T22:09:25.040Z;22 km NW of Tocopilla, Chile;earthquake;4.61;1.815;0.036;73;reviewed;us;us
2022-07-27T18:58:58.306Z;-22.1876;-68.5789;112;6.2;mww;113;30;0.728;1.09;us;us6000i5zi;2022-10-01T22:09:24.040Z;Antofagasta, Chile;earthquake;6.94;1.835;0.04;61;reviewed;us;us
2022-07-27T00:43:26.871Z;17.5207;120.8181;33.729;7;mww;152;22;5.276;0.6;us;us6000i5rd;2025-01-04T15:19:58.364Z;11 km NE of Bantay, Philippines;earthquake;7.93;2.766;0.044;50;reviewed;us;us
2022-07-15T19:37:22.791Z;-44.6215;-79.6496;24.499;6.4;mww;132;80;5.721;0.81;us;us6000i2v0;2022-09-24T21:25:32.040Z;Off the coast of Aisen, Chile;earthquake;9.64;3.526;0.05;38;reviewed;us;us
2022-07-12T19:16:58.460Z;-22.5907;-114.2583;10;6.8;mww;213;30;6.355;0.86;us;us6000i1wg;2022-11-23T14:49:06.958Z;Easter Island region;earthquake;9.25;1.72;0.04;59;reviewed;us;us
2022-06-08T00:55:46.777Z;-9.0472;-71.1783;622.73;6.5;mww;236;31;1.999;0.74;us;us7000hfrj;2022-08-13T21:53:07.040Z;107 km SSW of Tarauacá, Brazil;earthquake;9.09;2.853;0.049;40;reviewed;us;us
2022-06-04T23:38:12.123Z;52.0536;178.2682;105;6.3;mww;355;10;0.174;0.66;us;us7000hf1u;2024-05-20T03:49:46.219Z;Rat Islands, Aleutian Islands, Alaska;earthquake;3.97;1.703;0.024;162;reviewed;us;us
2022-06-04T13:17:48.196Z;-57.7238;148.6769;10;6.4;mww;247;39;6.594;0.63;us;us7000hexr;2022-08-13T21:52:47.040Z;west of Macquarie Island;earthquake;9.3;1.7;0.098;10;reviewed;us;us
2022-06-04T13:07:25.926Z;-17.9601;-174.9679;237;6.3;mww;255;21;4.729;0.75;us;us7000hexp;2022-08-13T21:52:47.040Z;129 km NW of Neiafu, Tonga;earthquake;7.7;1.9;0.037;71;reviewed;us;us
2022-05-27T02:36:05.556Z;-8.2572;127.2079;49;6.2;mww;118;19;3.264;1.32;us;us7000hcwg;2022-08-02T19:50:56.040Z;37 km NE of Lospalos, Timor Leste;earthquake;6.9;1.8;0.075;17;reviewed;us;us
2022-05-26T18:10:04.775Z;-49.7722;-114.9698;10;6.2;mww;90;55;26.873;1.21;us;us7000hct4;2022-08-02T19:50:55.040Z;southern East Pacific Rise;earthquake;12.1;1.8;0.083;14;reviewed;us;us
2022-05-26T15:37:58.560Z;-22.8282;172.1298;15;6.6;mww;302;16;4.329;0.9;us;us7000hcqw;2022-08-02T19:50:53.040Z;southeast of the Loyalty Islands;earthquake;6.7;1.7;0.073;18;reviewed;us;us
2022-05-26T12:02:21.110Z;-14.9076;-70.2924;236;7.2;mww;144;40;2.494;1.38;us;us7000hcmn;2024-06-28T11:52:54.351Z;10 km W of Azángaro, Peru;earthquake;9.6;1.9;0.042;55;reviewed;us;us
2022-05-22T07:06:28.470Z;-26.2125;178.4501;603.79;6.3;mww;107;20;4.424;0.5;us;us6000hn1e;2022-08-02T19:50:39.040Z;south of the Fiji Islands;earthquake;10.1;7.8;0.037;71;reviewed;us;us
2022-05-21T21:50:48.047Z;14.0187;120.6494;129;6.1;mww;270;11;8.435;1.04;us;us6000hmz8;2022-08-02T19:50:38.040Z;1 km S of Lian, Philippines;earthquake;8.7;1.8;0.033;90;reviewed;us;us
2022-05-19T10:13:31.625Z;-54.132;159.0545;10;6.9;mww;127;45;0.371;0.97;us;us6000hm9j;2024-01-18T16:36:05.492Z;Macquarie Island region;earthquake;7.3;1.7;0.078;16;reviewed;us;us
2022-05-10T23:06:32.368Z;-23.496;-66.6519;220;6.8;mww;162;30;1.505;0.87;us;us7000h8g3;2022-08-12T11:38:28.703Z;86 km NNW of San Antonio de los Cobres, Argentina;earthquake;9.4;1.9;0.062;25;reviewed;us;us
2022-05-09T22:33:06.873Z;-3.3591;146.3506;10;6.3;mww;110;35;5.859;0.83;us;us7000h87i;2022-08-09T06:41:47.400Z;178 km SW of Lorengau, Papua New Guinea;earthquake;7.5;1.1;0.054;33;reviewed;us;us
2022-05-09T06:23:02.067Z;24.0406;122.4888;21;6.2;mww;200;34;0.638;0.34;us;us7000h82f;2022-07-22T18:31:08.040Z;70 km SW of Yonakuni, Japan;earthquake;6.1;1.8;0.049;40;reviewed;us;us
2022-04-28T13:21:13.122Z;-3.9148;146.6901;10;6.1;mww;83;29;1.978;1.19;us;us7000h5mc;2022-08-09T06:32:19.622Z;175 km NE of Madang, Papua New Guinea;earthquake;6.7;1.3;0.057;30;reviewed;us;us
2022-04-21T07:42:46.508Z;11.5537;-86.9604;27;6.6;mww;;94;0.914;0.69;us;us6000hf75;2022-06-26T01:20:26.040Z;55 km WSW of Masachapa, Nicaragua;earthquake;5;1.8;0.037;70;reviewed;us;us
2022-04-19T01:23:07.057Z;7.2852;126.9533;19;6.1;mww;;42;1.38;0.96;us;us7000h373;2022-06-26T01:19:27.040Z;41 km E of Santiago, Philippines;earthquake;6.8;1.7;0.045;47;reviewed;us;us
2022-04-17T07:46:35.635Z;-15.7044;167.8457;196;6.1;mww;;35;0.67;0.55;us;us7000h2u9;2022-06-26T01:18:45.040Z;Vanuatu;earthquake;8.3;1.9;0.04;59;reviewed;us;us
2022-04-13T03:00:56.312Z;-4.4297;152.0242;149;6.1;mww;;15;0.274;0.78;us;us7000h1lv;2022-06-20T22:08:01.040Z;28 km WSW of Kokopo, Papua New Guinea;earthquake;7.2;1.7;0.044;49;reviewed;us;us
2022-04-09T20:52:38.456Z;-16.3146;166.8601;17;6.3;mww;;18;0.923;0.61;us;us7000h0yj;2022-06-20T22:07:36.040Z;63 km WSW of Norsup, Vanuatu;earthquake;6.4;1.7;0.044;49;reviewed;us;us
2022-03-31T19:50:40.985Z;-22.6577;170.8084;20;6.4;mww;;33;3.106;0.97;us;us7000gysz;2022-08-06T07:29:19.737Z;southeast of the Loyalty Islands;earthquake;7.9;1.8;0.034;81;reviewed;us;us
2022-03-31T05:44:01.146Z;-22.586;170.3744;10;7;mww;;26;2.705;0.82;us;us7000gymk;2022-08-13T00:59:26.724Z;southeast of the Loyalty Islands;earthquake;7.1;1.8;0.057;30;reviewed;us;us
2022-03-30T20:56:58.105Z;-22.666;170.3659;10;6.9;mww;;42;2.697;1.07;us;us7000gyj0;2022-06-04T20:42:25.040Z;284 km ESE of Tadine, New Caledonia;earthquake;8;1.8;0.066;22;reviewed;us;us
2022-03-22T17:41:38.584Z;23.3839;121.6118;24;6.7;mww;;32;0.289;0.83;us;us6000h6nr;2022-08-10T03:20:17.453Z;65 km S of Hualien City, Taiwan;earthquake;4.5;1.7;0.083;14;reviewed;us;us
2022-03-22T16:35:08.019Z;10.7447;-43.382;10;6.7;mww;;27;10.744;0.79;us;us6000h6ne;2024-01-17T22:28:53.129Z;northern Mid-Atlantic Ridge;earthquake;8.9;0.9;0.055;32;reviewed;us;us
2022-03-19T21:24:22.127Z;-25.2976;-176.2998;21;6.3;mww;;26;4.203;0.68;us;us6000h62z;2024-01-17T22:28:46.623Z;south of the Fiji Islands;earthquake;8.9;1.8;0.043;52;reviewed;us;us
2022-03-16T14:36:30.997Z;37.7132;141.5793;41;7.3;mww;;29;2.936;0.88;us;us6000h519;2023-11-12T00:15:40.482Z;57 km ENE of Namie, Japan;earthquake;6.9;1.9;0.054;33;reviewed;us;us
2022-03-13T21:09:22.258Z;-0.6294;98.6259;28;6.7;mww;;43;2.188;0.92;us;us6000h48e;2022-05-27T14:55:19.040Z;166 km W of Pariaman, Indonesia;earthquake;5.2;1.8;0.062;25;reviewed;us;us
2022-03-13T21:05:49.469Z;14.096;119.3811;11;6.4;mww;;28;8.823;0.88;us;us6000h48d;2022-05-27T14:55:19.040Z;75 km WNW of Cabra, Philippines;earthquake;6.7;1.7;0.033;87;reviewed;us;us
2022-03-07T05:34:18.525Z;-20.3752;-178.4045;581.83;6.1;mww;;19;4.251;0.98;us;us6000h2nu;2022-05-16T11:32:13.723Z;Fiji region;earthquake;9.8;3.3;0.052;35;reviewed;us;us
2022-03-02T12:52:07.344Z;-30.0751;-177.7264;24;6.6;mww;;46;0.827;0.68;us;us6000h1d2;2022-08-06T09:27:47.178Z;Kermadec Islands, New Zealand;earthquake;7.2;1.8;0.058;29;reviewed;us;us
2022-02-25T01:39:26.554Z;0.219;100.1006;4;6.1;mww;;25;0.945;1.37;us;us6000gzyg;2023-06-27T07:50:39.859Z;65 km NNW of Bukittinggi, Indonesia;earthquake;5.9;1.7;0.052;35;reviewed;us;us
2022-02-21T23:24:13.721Z;-69.7739;165.3918;14;6.3;mww;;18;7.847;0.75;us;us7000gmtt;2022-05-04T13:39:32.040Z;Balleny Islands region;earthquake;8.8;1.7;0.068;21;reviewed;us;us
2022-02-16T20:21:06.737Z;-23.7682;179.9981;535;6.8;mww;;12;5.78;0.95;us;us7000glex;2022-04-30T14:18:20.040Z;south of the Fiji Islands;earthquake;5.7;1.9;0.057;30;reviewed;us;us
2022-02-16T07:12:22.847Z;14.1476;-91.3982;60;6.2;mww;;32;1.129;1.11;us;us7000gl8w;2022-11-12T05:29:59.830Z;12 km WSW of Nueva Concepción, Guatemala;earthquake;6.5;1.8;0.033;86;reviewed;us;us
2022-02-08T11:59:25.311Z;-0.417;-19.8913;10;6.2;mww;;35;9.28;0.41;us;us7000gj2g;2022-08-06T11:12:45.386Z;central Mid-Atlantic Ridge;earthquake;8.2;1.8;0.062;25;reviewed;us;us
2022-02-04T20:25:09.549Z;-48.033;99.4949;10;6.3;mww;;41;18.979;0.62;us;us7000gi25;2022-04-15T17:57:23.040Z;southeast Indian Ridge;earthquake;8.9;1.7;0.045;47;reviewed;us;us
2022-02-03T15:58:57.367Z;-4.4661;-76.9283;110;6.5;mww;;22;3.026;0.72;us;us7000ghm5;2022-04-15T17:57:16.040Z;49 km NW of Barranca, Peru;earthquake;6.6;1.8;0.059;28;reviewed;us;us
2022-01-29T02:46:39.588Z;-29.5642;-176.7217;8;6.5;mww;;57;1.088;1.3;us;us7000gg3w;2022-04-15T17:57:01.040Z;Kermadec Islands region;earthquake;9.5;1.8;0.048;41;reviewed;us;us
2022-01-27T06:40:05.543Z;-19.0992;-176.3135;6.2;6.2;mww;;45;5.069;0.51;us;us7000gfhb;2022-04-09T20:19:09.040Z;220 km WNW of Pangai, Tonga;earthquake;8.9;3.5;0.059;28;reviewed;us;us
2022-01-22T05:17:04.896Z;53.2402;-166.682;29;6.2;mww;;95;0.566;0.94;us;us7000ge5q;2024-01-08T04:32:06.084Z;71 km S of Unalaska, Alaska;earthquake;4.7;1.9;0.038;68;reviewed;us;us
2022-01-21T16:08:37.210Z;32.7282;132.0386;39;6.3;mww;;25;1.813;1.11;us;us7000gdwz;2023-02-10T15:51:03.910Z;27 km SSE of Saiki, Japan;earthquake;5.8;1.9;0.073;18;reviewed;us;us
2022-01-16T12:52:08.025Z;-6.4492;154.8224;379;6.1;mww;;20;3.469;0.66;us;us7000gcfv;2022-04-01T17:40:13.040Z;74 km WSW of Panguna, Papua New Guinea;earthquake;8.8;2;0.042;54;reviewed;us;us
2022-01-14T09:05:41.461Z;-6.86;105.2887;33;6.6;mww;;22;2.418;0.54;us;us7000gbu4;2025-01-05T02:11:45.617Z;80 km SW of Labuan, Indonesia;earthquake;3.5;1.7;0.063;24;reviewed;us;us
2022-01-11T12:39:32.454Z;52.5791;-168.3275;19;6.6;mww;;49;0.507;0.52;us;us7000gawk;2023-12-28T04:33:55.254Z;53 km SE of Nikolski, Alaska;earthquake;4;1.7;0.058;29;reviewed;us;us
2022-01-11T11:35:43.674Z;52.3415;-167.7554;20;6.8;mww;;61;0.92;0.56;us;us7000gavu;2023-12-28T04:35:56.061Z;100 km SE of Nikolski, Alaska;earthquake;4.2;1.8;0.051;37;reviewed;us;us
2022-01-11T01:07:48.064Z;35.2267;31.9435;21;6.6;mww;;21;1.168;0.71;us;us7000gaqu;2022-06-08T04:06:23.087Z;48 km WNW of Pólis, Cyprus;earthquake;4.8;1.7;0.045;47;reviewed;us;us
2022-01-10T00:06:30.834Z;-33.7823;179.574;7;6.2;mww;;55;4.892;1.21;us;us7000gag3;2022-08-06T14:41:57.275Z;south of the Kermadec Islands;earthquake;8.1;1.7;0.042;54;reviewed;us;us
2022-01-07T17:45:30.809Z;37.8283;101.29;13;6.6;mww;;13;2.685;0.69;us;us7000g9zq;2024-07-06T12:21:39.007Z;northern Qinghai, China;earthquake;7;1.7;0.08;15;reviewed;us;us
2022-01-06T16:25:05.973Z;11.9367;-87.1371;17;6.1;mww;;43;0.732;1.24;us;us7000g9nb;2022-04-21T08:02:25.242Z;near the coast of Nicaragua;earthquake;4.9;1.7;0.034;81;reviewed;us;us
2022-01-03T09:46:35.767Z;24.0079;122.2592;19;6.2;mww;;66;0.629;0.9;us;us7000g8n3;2022-12-15T04:25:35.010Z;66 km E of Hualien City, Taiwan;earthquake;4.4;1.7;0.053;34;reviewed;us;us
2021-12-29T18:25:51.962Z;-7.5482;127.5773;165.49;7.3;mww;;19;3.713;1.06;us;us7000g7lx;2022-03-05T23:10:53.040Z;125 km NNE of Lospalos, Timor Leste;earthquake;6.3;3.3;0.052;36;reviewed;us;us
2021-12-26T15:42:57.107Z;-18.1104;-179.352;639.16;6.1;mww;;33;2.497;0.87;us;us6000gfgd;2022-03-05T23:10:42.040Z;141 km E of Levuka, Fiji;earthquake;8.7;2.7;0.046;45;reviewed;us;us
2021-12-20T20:10:31.310Z;40.3901667;-124.298;27.04;6.2;mw;33;170;0.06557;0.13;nc;nc73666231;2024-12-06T02:49:59.866Z;7km N of Petrolia, CA;earthquake;0.46;0.34;;0;reviewed;nc;nc
2021-12-19T16:28:22.616Z;-16.3139;178.5777;10;6.2;mww;;45;1.509;0.64;us;us6000gdma;2022-03-01T16:37:59.040Z;85 km W of Labasa, Fiji;earthquake;7.6;1.8;0.041;57;reviewed;us;us
2021-12-14T03:20:23.809Z;-7.6033;122.2274;14.27;7.3;mww;;32;1.025;0.61;us;us6000gc2a;2023-11-29T05:16:17.773Z;Flores Sea;earthquake;5.1;2.6;0.055;32;reviewed;us;us
2021-12-12T08:58:07.352Z;-60.7956;154.1393;10;6.6;mww;;122;6.821;0.58;us;us6000gbls;2022-02-24T21:00:12.040Z;west of Macquarie Island;earthquake;11.8;1.9;0.083;14;reviewed;us;us
2021-12-03T04:40:05.063Z;-28.4823;-112.0255;10;6.1;mww;;51;2.645;1.17;us;us6000g8md;2022-02-12T23:05:42.040Z;295 km WSW of Hanga Roa, Chile;earthquake;9.8;1.7;0.039;62;reviewed;us;us
2021-11-30T10:37:35.539Z;-3.6249;151.3524;10;6.1;mww;;68;0.985;0.59;us;us6000g8te;2022-02-05T23:04:01.040Z;110 km NW of Rabaul, Papua New Guinea;earthquake;8.1;1.8;0.093;11;reviewed;us;us
2021-11-30T10:36:18.077Z;-3.5226;151.1847;10;6.3;mww;;27;1.181;0.53;us;us6000g7v8;2022-02-05T23:03:30.040Z;113 km SSE of Kavieng, Papua New Guinea;earthquake;6.6;1.8;0.05;38;reviewed;us;us
2021-11-29T12:40:44.400Z;31.196;142.5026;11;6.3;mww;;35;2.976;0.75;us;us7000fxyq;2024-01-17T22:23:59.339Z;Izu Islands, Japan region;earthquake;8;1.8;0.037;71;reviewed;us;us
2021-11-28T10:52:14.579Z;-4.4667;-76.8126;126;7.5;mww;;40;4.951;0.61;us;us7000fxq2;2024-04-17T11:02:49.791Z;43 km NNW of Barranca, Peru;earthquake;4.9;1.9;0.033;87;reviewed;us;us
2021-11-25T23:45:41.752Z;22.8232;93.5061;43;6.2;mww;;21;1.726;0.88;us;us7000fx45;2022-09-30T05:55:20.796Z;20 km WSW of Falam, Myanmar;earthquake;5.4;3.7;0.08;15;reviewed;us;us
2021-11-25T12:04:05.721Z;-10.7451;166.5074;10;6.1;mww;;38;4.722;0.93;us;us7000fwzz;2022-08-06T18:43:12.195Z;77 km E of Lata, Solomon Islands;earthquake;6.6;1.7;0.062;25;reviewed;us;us
2021-11-18T14:08:04.800Z;-5.3122;153.7074;34;6.2;mww;;17;1.899;1.12;us;us7000fv37;2022-01-22T20:52:02.040Z;192 km SE of Kokopo, Papua New Guinea;earthquake;7.1;1.8;0.093;11;reviewed;us;us
2021-11-14T12:08:38.812Z;27.7266;56.0716;10;6.4;mwb;;52;2.772;0.9;us;us7000fu12;2022-07-01T23:37:15.394Z;63 km NNW of Bandar Abbas, Iran;earthquake;7.4;1.8;0.029;118;reviewed;us;us
2021-11-10T15:45:13.652Z;23.5935;126.4474;12;6.6;mww;;15;3.259;0.8;us;us7000fszl;2023-09-18T14:05:42.326Z;177 km SE of Hirara, Japan;earthquake;6.2;1.7;0.033;90;reviewed;us;us
2021-11-09T06:25:14.907Z;11.2198;-86.5255;20;6.3;mww;;89;0.962;0.68;us;us7000fskw;2022-01-15T20:51:42.040Z;62 km S of Masachapa, Nicaragua;earthquake;6.6;1.9;0.032;94;reviewed;us;us
2021-10-24T05:11:34.230Z;24.5108;121.8314;69;6.2;mww;;18;0.399;0.92;us;us6000fx56;2022-01-08T17:42:13.040Z;28 km SSE of Yilan, Taiwan;earthquake;6.3;1.9;0.048;41;reviewed;us;us
2021-10-21T08:10:43.027Z;-25.316;179.604;487;6.1;mww;;37;7.671;0.65;us;us6000fwd5;2021-12-25T22:58:55.040Z;south of the Fiji Islands;earthquake;10.7;2;0.053;34;reviewed;us;us
2021-10-18T07:26:51.639Z;-13.69;167.0396;93;6.2;mww;;63;1.754;0.65;us;us6000fvkf;2021-12-25T22:58:45.040Z;59 km WNW of Sola, Vanuatu;earthquake;7.6;1.9;0.041;58;reviewed;us;us
2021-10-15T02:44:59.320Z;-8.8783;158.4642;33;6.4;mww;;20;1.566;0.98;us;us6000furk;2021-12-25T22:58:34.040Z;148 km WSW of Buala, Solomon Islands;earthquake;6.5;1.8;0.048;42;reviewed;us;us
2021-10-12T09:24:05.099Z;35.1691;26.2152;20;6.4;mww;;19;0.86;0.46;us;us6000ftxu;2023-08-12T13:32:34.542Z;4 km SW of Palekastro, Greece;earthquake;6.1;1.8;0.048;42;reviewed;us;us
2021-10-11T09:10:25.147Z;56.2954;-156.581;51.6;6.9;mww;;;;0.65;ak;ak021d1u1nos;2023-05-06T00:38:19.539Z;112 km E of Chignik, Alaska;earthquake;;0.7;;;reviewed;ak;ak
2021-10-10T21:48:36.560Z;18.8203333333333;-155.527166666667;35.06;6.21;ml;54;278;;0.12;hv;hv72748782;2023-09-26T19:12:45.512Z;27 km SSE of Naalehu, Hawaii;earthquake;0.52;0.93;0.153984707746698;25;reviewed;hv;hv
2021-10-09T10:58:31.956Z;-21.1889;174.5221;535;6.9;mww;;31;4.778;0.64;us;us6000ft9g;2021-12-18T19:58:42.040Z;Vanuatu region;earthquake;9.7;1.9;0.05;38;reviewed;us;us
2021-10-04T03:54:06.823Z;-60.4157;-27.5186;10;6.2;mww;;30;7.825;0.93;us;us6000frfw;2021-12-10T21:14:06.040Z;South Sandwich Islands region;earthquake;8;1.7;0.048;41;reviewed;us;us
2021-10-02T06:29:17.897Z;-21.1265;174.8958;527;7.3;mww;;32;4.493;0.67;us;us6000fr0b;2021-12-10T21:14:02.040Z;Vanuatu region;earthquake;9.7;1.9;0.039;64;reviewed;us;us
2021-09-29T08:37:05.619Z;38.8893;135.4527;364;6.1;mww;;13;3.198;0.82;us;us6000fq2d;2021-12-04T14:27:57.040Z;243 km NNW of Nanao, Japan;earthquake;7.2;1.9;0.05;38;reviewed;us;us
2021-09-24T11:52:28.163Z;51.0829;-179.0153;18;6.1;mww;;52;0.487;0.89;us;us7000fe1w;2023-09-09T19:53:45.441Z;187 km WSW of Adak, Alaska;earthquake;4.2;1.8;0.044;49;reviewed;us;us
2021-09-22T09:57:07.023Z;12.1396;-87.8647;21;6.5;mww;;114;0.993;1.07;us;us7000fdds;2022-04-21T07:59:20.662Z;80 km SW of Jiquilillo, Nicaragua;earthquake;5;1.9;0.035;80;reviewed;us;us
2021-09-21T13:14:32.025Z;-36.7771;-73.9329;18.8;6.4;mww;;110;2.14;0.7;us;us7000fd4k;2021-12-07T15:14:16.474Z;73 km W of Talcahuano, Chile;earthquake;6.2;3;0.043;52;reviewed;us;us
2021-09-20T20:25:26.525Z;46.3926;152.4879;35;6.1;mww;;14;6.717;1.18;us;us7000fczf;2021-12-03T15:01:38.040Z;Kuril Islands;earthquake;7.5;1.8;0.037;70;reviewed;us;us
2021-09-13T05:18:14.639Z;-23.7629;-67.0129;205;6.2;mww;;29;1.341;0.53;us;us7000fap8;2021-12-21T07:47:20.105Z;86 km NW of San Antonio de los Cobres, Argentina;earthquake;9;1.8;0.043;51;reviewed;us;us
2021-09-08T01:47:47.437Z;16.9465;-99.753;20;7;mww;;43;0.07;0.64;us;us7000f93v;2024-12-29T19:48:29.078Z;Acapulco, Mexico;earthquake;5.2;1.2;0.04;61;reviewed;us;us
2021-08-31T02:52:50.513Z;-29.9211;-177.3798;16;6.4;mww;;31;0.808;0.64;us;us7000f60j;2021-11-06T20:28:42.040Z;Kermadec Islands, New Zealand;earthquake;6.8;1.7;0.045;48;reviewed;us;us
2021-08-22T21:33:18.983Z;-60.2845;-24.8743;6;7.1;mww;;32;9.799;0.39;us;us6000f9sq;2021-11-02T14:54:30.040Z;South Sandwich Islands region;earthquake;9.7;1.7;0.046;46;reviewed;us;us
2021-08-22T00:45:07.917Z;-60.1401;-24.221;7;6.6;mww;;19;8.865;0.63;us;us6000f9gd;2021-11-02T14:54:11.040Z;South Sandwich Islands region;earthquake;8.6;1.7;0.037;70;reviewed;us;us
2021-08-18T10:10:05.238Z;-14.8818;167.0585;93;6.9;mww;;54;0.579;0.78;us;us6000f7vg;2022-08-08T16:32:23.059Z;17 km N of Port-Olry, Vanuatu;earthquake;7.9;1.9;0.058;29;reviewed;us;us
2021-08-17T17:53:26.775Z;-58.0256;-25.4158;32.62;6.1;mww;;21;7.229;0.77;us;us6000f7ks;2021-10-29T14:46:25.040Z;South Sandwich Islands region;earthquake;8.4;2.6;0.048;41;reviewed;us;us
2021-08-16T11:10:36.583Z;-58.3686;-23.3552;16.7;6.9;mww;;48;8.363;0.72;us;us6000f6wt;2022-01-05T18:20:55.314Z;South Sandwich Islands region;earthquake;8.9;3.5;0.036;73;reviewed;us;us
2021-08-14T12:29:08.454Z;18.4335;-73.4822;10;7.2;mww;;23;1.178;0.75;us;us6000f65h;2024-04-11T18:21:49.220Z;Nippes, Haiti;earthquake;3.1;1.8;0.031;97;reviewed;us;us
2021-08-14T11:57:43.447Z;55.1767;-157.6441;20.74;6.9;mww;;36;1.173;0.57;us;us6000f652;2023-05-06T00:38:02.084Z;125 km SE of Perryville, Alaska;earthquake;4.8;2.1;0.024;162;reviewed;us;us
2021-08-13T10:34:28.283Z;-60.5354;-27.2495;10;6.1;mww;;45;8.003;0.4;us;us6000f5h2;2021-10-29T14:46:06.040Z;South Sandwich Islands region;earthquake;8.9;1.9;0.061;26;reviewed;us;us
2021-08-12T18:41:22.560Z;-60.3568;-26.7611;35;6.1;mb;;69;8.041;1.17;us;us6000f8yj;2021-10-23T15:47:00.040Z;South Sandwich Islands region;earthquake;9.8;1.9;0.07;76;reviewed;us;us
2021-08-12T18:36:59.727Z;-59.9811;-26.4306;35;6.7;mb;;76;7.903;1.23;us;us6000f8yd;2021-10-23T15:46:59.040Z;South Sandwich Islands region;earthquake;5.9;1.9;0.105;38;reviewed;us;us
2021-08-12T18:35:17.231Z;-58.3753;-25.2637;22.79;8.1;mww;;78;7.463;0.76;us;us6000f53e;2024-06-30T05:16:19.287Z;South Sandwich Islands region;earthquake;8;3.6;0.065;23;reviewed;us;us
2021-08-12T18:32:52.464Z;-57.5674;-25.0316;47.23;7.5;mww;;38;7.227;1.16;us;us6000f4ly;2021-10-23T15:46:19.040Z;South Sandwich Islands region;earthquake;9.7;4.5;0.063;24;reviewed;us;us
2021-08-11T17:46:13.143Z;6.4748;126.7151;55.14;7.1;mww;;25;1.273;1.27;us;us6000f48v;2025-01-04T15:11:42.662Z;60 km ENE of Pondaguitan, Philippines;earthquake;6.5;3.7;0.037;71;reviewed;us;us
2021-08-03T03:42:38.345Z;8.8809;94.0192;10;6.1;mww;;50;4.648;0.95;us;us6000f1r4;2021-12-05T13:09:07.946Z;Nicobar Islands, India region;earthquake;7.7;1.8;0.069;20;reviewed;us;us
2021-07-30T17:10:19.554Z;-4.9149;-80.6156;34;6.2;mww;;18;3.121;0.81;us;us6000f0qr;2021-12-04T14:23:55.995Z;7 km E of Sullana, Peru;earthquake;3.5;1.7;0.041;58;reviewed;us;us
2021-07-29T06:15:49.188Z;55.3635;-157.8876;35;8.2;mww;;;;0.95;ak;ak0219neiszm;2025-01-14T01:22:07.515Z;Alaska Peninsula;earthquake;;0;;;reviewed;ak;ak
2021-07-26T12:09:06.655Z;-0.7679;121.9083;11;6.3;mww;;18;0.905;1.29;us;us6000ez5x;2022-08-09T06:14:13.862Z;99 km WNW of Luwuk, Indonesia;earthquake;5;1.7;0.045;47;reviewed;us;us
2021-07-24T12:51:28.422Z;-29.9271;-176.8643;10;6.1;mww;;57;10.04;0.41;us;us6000eynb;2021-10-03T05:21:40.040Z;Kermadec Islands region;earthquake;6.7;1.8;0.047;44;reviewed;us;us
2021-07-23T20:48:57.357Z;13.7047;120.7259;110;6.7;mww;;12;8.139;0.98;us;us6000eyfk;2023-12-01T22:58:11.162Z;15 km S of Hukay, Philippines;earthquake;7.2;1.8;0.051;37;reviewed;us;us
2021-07-21T21:15:12.269Z;7.3926;-82.779;10;6.7;mww;;61;1.395;0.62;us;us6000exs5;2023-04-05T22:56:41.974Z;71 km S of Burica, Panama;earthquake;7.7;1.8;0.038;68;reviewed;us;us
2021-07-17T20:56:10.107Z;6.8258;-82.6774;4.07;6.1;mww;;55;1.955;0.85;us;us7000emzy;2021-09-25T21:08:00.040Z;135 km S of Burica, Panama;earthquake;6.5;2.8;0.041;58;reviewed;us;us
2021-07-10T00:43:55.986Z;2.9494;126.4984;44.33;6.1;mww;;32;2.33;0.92;us;us6000etxj;2021-09-17T22:49:11.040Z;215 km NW of Tobelo, Indonesia;earthquake;6.6;3.6;0.065;23;reviewed;us;us
2021-07-02T20:14:37.663Z;-21.8116;-179.416;599.56;6.1;mww;;20;4.695;0.78;us;us7000eicj;2021-09-10T20:07:14.040Z;Fiji region;earthquake;8.7;2.9;0.066;22;reviewed;us;us
2021-06-20T17:05:50.681Z;-30.2162;-177.8449;25;6.5;mww;;24;7.994;1.1;us;us7000eeq4;2021-12-06T14:50:53.072Z;Kermadec Islands, New Zealand;earthquake;8.9;1.5;0.045;47;reviewed;us;us
2021-06-03T10:09:58.295Z;0.3165;126.2911;26;6.2;mww;;30;1.166;1.24;us;us7000e9bi;2022-08-09T05:19:26.929Z;132 km WSW of Ternate, Indonesia;earthquake;6;1.8;0.05;38;reviewed;us;us
2021-05-31T06:59:55.581Z;62.4492;-148.2512;44;6.1;mww;;;;0.87;ak;ak0216xu2rod;2023-05-16T22:42:37.619Z;73 km N of Chickaloon, Alaska;earthquake;;0.3;;;reviewed;ak;ak
2021-05-21T22:13:18.379Z;-16.6009;-177.3725;10;6.5;mww;;44;4.518;0.96;us;us7000e579;2021-12-15T11:59:55.864Z;265 km SSE of Alo, Wallis and Futuna;earthquake;7.3;1.4;0.061;26;reviewed;us;us
2021-05-21T18:04:13.565Z;34.5983;98.2513;10;7.3;mww;;9;4.655;0.77;us;us7000e54r;2024-05-21T20:54:30.835Z;Southern Qinghai, China;earthquake;3;1.7;0.037;71;reviewed;us;us
2021-05-21T13:48:37.193Z;25.7274;100.0082;9;6.1;mww;;17;4.438;0.93;us;us7000e532;2022-08-09T05:10:54.306Z;25 km NW of Dali, China;earthquake;6.8;1.7;0.053;34;reviewed;us;us
2021-05-19T00:42:19.688Z;-33.0647;-109.3943;10;6.7;mww;;31;5.884;0.95;us;us7000e4aw;2021-07-24T21:08:06.040Z;southern East Pacific Rise;earthquake;10.5;1.7;0.083;14;reviewed;us;us
2021-05-14T06:33:07.879Z;0.1364;96.6442;11;6.7;mww;;37;1.487;0.69;us;us7000e2zt;2022-08-09T05:03:30.990Z;260 km S of Sinabang, Indonesia;earthquake;7.7;1.8;0.048;42;reviewed;us;us
2021-05-13T09:42:12.044Z;6.7137;-82.4146;10;6.1;mww;;126;1.91;0.96;us;us7000e2rq;2022-08-09T05:02:31.887Z;154 km SSE of Punta de Burica, Panama;earthquake;7.6;1.9;0.045;48;reviewed;us;us
2021-05-12T14:05:15.667Z;-17.3874;66.3135;10;6.7;mww;;45;10.669;0.68;us;us7000e2ec;2022-08-09T05:01:56.076Z;Mauritius - Reunion region;earthquake;8.2;1.7;0.036;75;reviewed;us;us
2021-05-07T23:35:14.938Z;-18.7443;-177.5658;384;6.1;mww;;24;4.28;0.5;us;us7000e175;2021-07-23T18:08:18.040Z;Fiji region;earthquake;3.4;1.9;0.048;42;reviewed;us;us
2021-05-07T15:21:13.760Z;-54.4135;144.2159;10;6.1;mww;;50;8.591;0.78;us;us7000e13b;2021-07-23T18:08:17.040Z;west of Macquarie Island;earthquake;6.7;1.8;0.086;13;reviewed;us;us
2021-05-01T01:27:27.215Z;38.1997;141.5973;43;6.9;mww;;35;2.619;0.82;us;us7000dz5t;2024-01-17T22:18:38.496Z;30 km SSE of Onagawa Ch?, Japan;earthquake;7.3;1.9;0.041;58;reviewed;us;us
2021-04-29T06:50:26.915Z;-29.339;-176.3205;10;6.1;mww;;190;1.408;0.65;us;us7000dygd;2021-07-07T18:37:33.040Z;Kermadec Islands region;earthquake;8.6;1.9;0.044;49;reviewed;us;us
2021-04-27T08:05:31.717Z;-3.407;145.5171;10;6.1;mww;;31;2.29;1.06;us;us7000dxsy;2021-11-26T12:11:04.393Z;176 km ENE of Angoram, Papua New Guinea;earthquake;7.3;1.8;0.063;24;reviewed;us;us
2021-04-25T22:28:02.196Z;-21.6097;-177.1526;246;6.5;mww;;20;5.931;0.9;us;us6000e4rl;2021-11-29T05:15:21.247Z;207 km WSW of Haveluloto, Tonga;earthquake;8;1.7;0.038;68;reviewed;us;us
2021-04-24T00:23:38.164Z;-18.9036;-176.2702;301;6.5;mww;;19;10.405;0.85;us;us6000e47c;2021-12-04T14:31:51.821Z;225 km WNW of Pangai, Tonga;earthquake;8.8;1.9;0.06;27;reviewed;us;us
2021-04-19T23:58:22.503Z;0.1831;96.5601;9;6.1;mww;;28;1.506;0.97;us;us6000e30x;2021-07-03T16:48:34.040Z;254 km S of Sinabang, Indonesia;earthquake;6.9;1.6;0.039;64;reviewed;us;us
2021-04-10T09:30:43.306Z;4.1322;124.6443;300;6.1;mww;;19;3.062;0.98;us;us6000e0k5;2021-06-19T21:24:51.040Z;167 km SSW of Sarangani, Philippines;earthquake;7.2;1.9;0.036;73;reviewed;us;us
2021-04-07T09:53:29.653Z;-29.0489;-176.6124;18;6.1;mww;;57;1.168;0.52;us;us6000dzlv;2021-06-12T21:38:03.040Z;Kermadec Islands region;earthquake;9;1.8;0.043;51;reviewed;us;us
2021-04-05T07:37:52.938Z;-37.46;179.6324;24;6.1;mww;;54;1.059;0.53;us;us6000dz3c;2021-06-12T21:37:17.040Z;194 km NE of Gisborne, New Zealand;earthquake;7.6;1.8;0.043;53;reviewed;us;us
2021-04-03T01:16:39.455Z;-58.0139;-7.843;10;6.6;mww;;37;12.742;1.2;us;us6000dynd;2021-12-22T03:33:46.510Z;east of the South Sandwich Islands;earthquake;9.8;1.7;0.05;39;reviewed;us;us
2021-04-01T09:56:37.651Z;-29.961;-177.6758;20;6.4;mww;;30;0.746;1.4;us;us6000dy64;2021-06-08T17:59:34.040Z;Kermadec Islands, New Zealand;earthquake;3.9;1.8;0.05;39;reviewed;us;us
2021-03-20T09:09:43.966Z;38.4515;141.6477;43;7;mww;;35;2.378;0.75;us;us7000dl6y;2022-08-12T12:07:56.816Z;30 km E of Ishinomaki, Japan;earthquake;7.2;1.9;0.045;47;reviewed;us;us
2021-03-16T18:38:21.233Z;54.7368;163.1803;13.23;6.6;mww;;18;3.183;0.81;us;us7000djz6;2021-05-26T22:08:11.040Z;171 km SSE of Ust’-Kamchatsk Staryy, Russia;earthquake;6.5;2.6;0.052;36;reviewed;us;us
2021-03-06T13:12:05.498Z;-28.2896;-177.6283;10;6.1;mww;;49;0.987;0.83;us;us7000dgi0;2021-05-21T19:47:26.040Z;Kermadec Islands region;earthquake;7.1;1.8;0.046;45;reviewed;us;us
2021-03-06T12:05:23.693Z;-28.3565;-177.8739;15;6.2;mww;;50;0.886;0.64;us;us7000dgh7;2021-05-21T19:47:21.040Z;Kermadec Islands region;earthquake;7.7;1.8;0.047;44;reviewed;us;us
2021-03-06T10:34:47.134Z;-28.4217;-177.7664;10;6.2;mww;;69;0.832;0.77;us;us7000dggf;2021-05-21T19:47:20.040Z;Kermadec Islands region;earthquake;5.6;1.8;0.065;23;reviewed;us;us
2021-03-06T07:16:29.302Z;-28.6263;-177.0009;10;6.1;mww;;62;1.02;0.82;us;us7000dgdc;2021-05-21T19:47:16.040Z;Kermadec Islands region;earthquake;6.9;1.7;0.065;23;reviewed;us;us
2021-03-06T00:16:22.227Z;-37.5763;179.5947;13;6.3;mww;;34;1.023;0.96;us;us7000dg8x;2022-08-09T03:46:37.938Z;183 km NE of Gisborne, New Zealand;earthquake;8;1.7;0.054;33;reviewed;us;us
2021-03-05T14:24:52.718Z;-28.8983;-176.6099;14;6.2;mww;;59;1.205;1.08;us;us7000dfz4;2021-05-21T19:46:50.040Z;Kermadec Islands region;earthquake;8.3;1.8;0.073;18;reviewed;us;us
2021-03-05T02:30:36.279Z;-28.749;-176.5578;17;6.3;mww;;41;9.784;1.16;us;us7000dft1;2021-05-21T19:46:30.040Z;Kermadec Islands region;earthquake;10.1;1.8;0.08;15;reviewed;us;us
2021-03-04T23:12:59.962Z;-28.5168;-176.6801;24;6.5;mwb;;25;11.764;0.64;us;us7000dfq2;2021-05-13T22:45:50.040Z;Kermadec Islands region;earthquake;8.9;1.8;0.071;19;reviewed;us;us
2021-03-04T20:25:06.406Z;-28.3867;-176.6895;10;6.1;mb;;48;1.383;1.11;us;us7000dfmf;2021-05-13T22:45:39.040Z;Kermadec Islands region;earthquake;9.5;1.8;0.06;106;reviewed;us;us
2021-03-04T19:28:33.178Z;-29.7228;-177.2794;28.93;8.1;mww;;21;0.739;0.69;us;us7000dflf;2021-12-14T01:15:40.270Z;Kermadec Islands, New Zealand;earthquake;7.7;3.3;0.034;81;reviewed;us;us
2021-03-04T17:41:23.370Z;-29.6768;-177.8398;43;7.4;mww;;30;0.437;1.09;us;us7000dfk3;2021-12-23T12:28:57.659Z;Kermadec Islands, New Zealand;earthquake;7.8;1.9;0.049;40;reviewed;us;us
2021-03-04T16:53:11.135Z;-14.4334;167.3326;173.35;6.1;mww;;19;1.015;0.65;us;us7000dfhs;2021-05-13T22:45:24.040Z;66 km SSW of Sola, Vanuatu;earthquake;7.9;3.9;0.073;18;reviewed;us;us
2021-03-04T13:27:34.647Z;-37.4787;179.4576;10;7.3;mww;;24;0.918;0.68;us;us7000dffl;2021-12-13T09:13:51.261Z;182 km NE of Gisborne, New Zealand;earthquake;5.7;1.6;0.045;47;reviewed;us;us
2021-03-03T10:16:09.755Z;39.7546;22.1757;8;6.3;mww;;17;0.423;0.55;us;us7000df40;2024-06-29T11:34:53.594Z;9 km W of Týrnavos, Greece;earthquake;2.7;1.8;0.034;81;reviewed;us;us
2021-02-18T15:30:47.991Z;-14.8373;-176.7574;3.7;6.1;mww;;52;1.421;0.74;us;us6000dip3;2021-10-26T02:05:08.335Z;157 km ESE of Alo, Wallis and Futuna;earthquake;6.9;1.4;0.063;24;reviewed;us;us
2021-02-18T06:37:30.717Z;-18.9515;168.0675;14;6.2;mww;;66;2.516;0.72;us;us6000dila;2022-08-09T03:04:26.494Z;136 km S of Port-Vila, Vanuatu;earthquake;7.8;1.8;0.048;41;reviewed;us;us
2021-02-17T22:49:38.110Z;-23.1842;171.7786;12;6.1;mww;;28;3.861;0.78;us;us6000dii3;2021-04-29T19:25:01.040Z;southeast of the Loyalty Islands;earthquake;7.2;1.7;0.061;26;reviewed;us;us
2021-02-16T00:49:25.141Z;-17.8292;167.5413;13;6.2;mww;;32;3.661;0.83;us;us6000dhxn;2021-04-23T21:04:43.040Z;82 km W of Port-Vila, Vanuatu;earthquake;7.4;1.8;0.063;24;reviewed;us;us
2021-02-13T14:07:49.797Z;37.7265;141.7751;43.98;7.1;mww;;11;3.085;0.94;us;us6000dher;2023-11-26T23:25:03.156Z;73 km ENE of Namie, Japan;earthquake;7;2.8;0.036;74;reviewed;us;us
2021-02-10T21:24:00.831Z;-23.1911;171.5827;12;6.3;mww;;10;8.131;0.82;us;us6000dge5;2021-04-22T21:52:46.040Z;southeast of the Loyalty Islands;earthquake;3.1;1.7;0.056;31;reviewed;us;us
2021-02-10T18:36:41.957Z;-22.7173;171.213;14;6.1;mww;;32;13.12;0.99;us;us6000dgc7;2021-04-22T21:52:40.040Z;southeast of the Loyalty Islands;earthquake;10.1;1.8;0.089;12;reviewed;us;us
2021-02-10T16:35:22.999Z;-22.8106;171.173;11.69;6.1;mwb;;17;8.189;0.86;us;us6000dgb4;2021-04-22T21:52:36.040Z;southeast of the Loyalty Islands;earthquake;8.4;0.5;0.083;14;reviewed;us;us
2021-02-10T13:19:55.530Z;-23.0511;171.6566;10;7.7;mww;;15;7.989;0.42;us;us6000dg77;2021-11-29T05:22:26.891Z;southeast of the Loyalty Islands;earthquake;7.5;1.8;0.042;54;reviewed;us;us
2021-02-10T13:01:59.145Z;-22.7415;171.6432;10;6.1;mww;;56;7.803;0.53;us;us6000dg72;2021-04-22T21:52:21.040Z;southeast of the Loyalty Islands;earthquake;10.2;1.8;0.069;20;reviewed;us;us
2021-02-10T12:52:27.224Z;-5.6856;101.6495;10;6.3;mww;;29;1.851;0.5;us;us6000dg70;2021-09-08T06:07:56.801Z;219 km SSW of Bengkulu, Indonesia;earthquake;6.7;1.8;0.037;69;reviewed;us;us
2021-02-10T12:24:21.500Z;-22.8327;171.6556;11;6.1;mww;;49;7.851;0.38;us;us6000dg6u;2021-04-22T21:52:20.040Z;southeast of the Loyalty Islands;earthquake;11.2;1.8;0.044;50;reviewed;us;us
2021-02-07T05:45:51.377Z;-3.3226;146.1444;10;6.3;mww;;54;1.762;0.75;us;us6000dfad;2021-04-22T21:50:59.040Z;189 km SW of Lorengau, Papua New Guinea;earthquake;7.6;1.9;0.046;45;reviewed;us;us
2021-02-03T05:23:43.520Z;-36.2797;-97.8;10;6.7;mww;;40;13.395;0.96;us;us6000de34;2021-04-16T19:03:09.040Z;West Chile Rise;earthquake;9.7;1.2;0.048;41;reviewed;us;us
2021-01-23T23:36:51.667Z;-61.8098;-55.5027;15;6.9;mww;;16;1.55;0.57;us;us7000d2rx;2021-04-13T17:05:17.040Z;South Shetland Islands;earthquake;7.2;1.7;0.043;52;reviewed;us;us
2021-01-21T12:23:04.255Z;4.9931;127.5145;80;7;mww;;15;2.821;0.77;us;us7000d20e;2023-12-26T14:46:53.569Z;211 km SE of Pondaguitan, Philippines;earthquake;6.3;1.9;0.061;26;reviewed;us;us
2021-01-19T02:46:22.380Z;-31.8334;-68.7992;20.81;6.4;mww;;22;0.303;0.95;us;us7000d18q;2022-09-25T00:34:58.873Z;26 km SW of Pocito, Argentina;earthquake;2.9;3.6;0.055;32;reviewed;us;us
2021-01-14T18:28:18.093Z;-2.9717;118.8899;18;6.2;mww;;28;2.203;1.12;us;us7000d030;2023-11-18T22:32:32.656Z;32 km S of Mamuju, Indonesia;earthquake;3.5;1.7;0.066;22;reviewed;us;us
2021-01-11T21:32:59.015Z;51.2811;100.4383;10;6.7;mww;;22;2.043;0.75;us;us6000d7ix;2024-02-09T11:07:48.509Z;29 km SSW of Turt, Mongolia;earthquake;6.7;1.7;0.039;62;reviewed;us;us
2021-01-10T06:48:20.094Z;-16.0347;167.8826;160;6.1;mww;;23;0.877;0.54;us;us6000d764;2022-08-09T02:23:06.537Z;50 km E of Lakatoro, Vanuatu;earthquake;7.7;1.8;0.046;45;reviewed;us;us
2021-01-10T03:54:14.483Z;-24.0412;-66.5729;217;6.1;mww;;36;1.83;1.06;us;us6000d74p;2021-03-20T21:23:33.040Z;32 km NW of San Antonio de los Cobres, Argentina;earthquake;8.2;1.9;0.032;95;reviewed;us;us
2021-01-08T05:01:04.246Z;-20.7367;169.8821;113;6.1;mww;;37;1.88;0.69;us;us6000d6my;2021-03-20T21:22:41.040Z;146 km SSE of Isangel, Vanuatu;earthquake;7.5;1.9;0.045;48;reviewed;us;us
2021-01-08T00:28:50.091Z;-29.4295;-178.744;224;6.3;mww;;13;0.735;0.95;us;us6000d6lg;2021-03-20T21:22:37.040Z;Kermadec Islands, New Zealand;earthquake;7.9;1.8;0.043;51;reviewed;us;us
2021-01-06T20:59:34.315Z;0.0658;122.9487;148;6.1;mww;;13;1.114;1.23;us;us6000d69r;2021-03-13T22:59:38.040Z;53 km SSW of Gorontalo, Indonesia;earthquake;6.7;1.8;0.035;78;reviewed;us;us
2021-01-06T06:20:35.947Z;-28.6357;-177.2713;38.49;6.2;mww;;30;0.837;0.74;us;us6000d5zz;2021-03-13T22:59:30.040Z;Kermadec Islands region;earthquake;8.2;1.6;0.05;39;reviewed;us;us
2021-01-03T12:38:48.915Z;51.2199;-179.793;21;6.1;mww;;52;2.051;0.66;us;us6000d58t;2023-05-06T00:37:21.203Z;230 km WSW of Adak, Alaska;earthquake;5.3;1.9;0.046;46;reviewed;us;us
2020-12-29T11:19:54.762Z;45.4244;16.2573;10;6.4;mww;;13;0.941;0.75;us;us6000d3zh;2024-12-16T02:09:08.367Z;2 km WSW of Petrinja, Croatia;earthquake;4.4;1.8;0.033;89;reviewed;us;us
2020-12-27T21:39:14.770Z;-39.3398;-74.9849;10;6.7;mww;;19;1.319;0.63;us;us6000d3i9;2022-03-10T05:51:53.951Z;146 km WNW of Corral, Chile;earthquake;5.8;1.7;0.048;42;reviewed;us;us
2020-12-24T23:43:41.964Z;13.82;120.6539;109;6.3;mww;;15;3.715;0.75;us;us6000d2ra;2022-03-10T05:50:52.505Z;2 km ESE of Calatagan, Philippines;earthquake;5.8;1.8;0.032;92;reviewed;us;us
2020-12-23T18:11:47.762Z;6.2544;133.6362;11;6.1;mww;;34;1.561;0.99;us;us6000d29t;2021-09-02T14:18:54.455Z;90 km SW of Angaur State, Palau;earthquake;6.2;1.7;0.033;86;reviewed;us;us
2020-12-20T17:23:22.668Z;40.8667;142.5814;35;6.3;mww;;33;1.153;1.07;us;us7000csqe;2022-12-11T22:20:18.260Z;100 km ENE of Hachinohe, Japan;earthquake;6.8;1.9;0.041;57;reviewed;us;us
2020-12-15T23:21:57.807Z;5.1789;125.4212;14;6.1;mww;;27;1.884;1.08;us;us7000crdx;2024-09-10T15:37:56.788Z;25 km S of Sarangani, Philippines;earthquake;7.1;1.7;0.054;33;reviewed;us;us
2020-12-10T13:19:58.682Z;24.7818;122.0243;71;6.1;mww;;18;0.515;0.76;us;us7000cpqz;2022-03-10T05:49:46.366Z;27 km E of Yilan, Taiwan;earthquake;3.8;1.6;0.061;26;reviewed;us;us
2020-12-06T16:47:42.643Z;-20.3947;-69.0609;105;6.1;mww;;30;0.266;1.17;us;us7000cnnz;2022-03-10T05:49:30.722Z;115 km E of Iquique, Chile;earthquake;3.1;1.9;0.05;39;reviewed;us;us
2020-12-01T16:22:39.923Z;52.7551;-168.2401;23;6.4;mww;;61;0.64;0.75;us;us7000clnv;2024-01-17T22:18:24.981Z;46 km ESE of Nikolski, Alaska;earthquake;3.3;1.7;0.025;150;reviewed;us;us
2020-11-30T22:55:03.914Z;-24.3221;-67.0048;189;6.3;mww;;32;1.737;1.06;us;us7000clbs;2021-04-26T03:41:30.854Z;71 km W of San Antonio de los Cobres, Argentina;earthquake;7.6;1.8;0.043;52;reviewed;us;us
2020-11-30T22:54:34.601Z;48.2521;140.7971;589;6.4;mww;;26;1.854;0.94;us;us7000clbu;2021-11-16T05:35:29.475Z;88 km SSE of Sovetskaya Gavan’, Russia;earthquake;6;1.9;0.04;60;reviewed;us;us
2020-11-22T00:54:56.794Z;-34.5978;-73.0596;22;6.1;mww;;16;1.016;0.59;us;us6000crcq;2021-11-03T03:34:04.398Z;100 km NW of Constitución, Chile;earthquake;4.6;1.8;0.034;83;reviewed;us;us
2020-11-07T09:27:05.498Z;-15.2458;-173.5276;34;6.2;mww;;41;4.54;0.72;us;us7000cbr2;2021-01-23T22:25:33.040Z;83 km NNE of Hihifo, Tonga;earthquake;8.7;1.8;0.053;34;reviewed;us;us
2020-10-30T11:51:27.348Z;37.8973;26.7838;21;7;mww;;18;1.518;0.59;us;us7000c7y0;2024-09-08T14:50:29.431Z;13 km NNE of Néon Karlovásion, Greece;earthquake;1.4;1.8;0.036;75;reviewed;us;us
2020-10-23T07:04:30.940Z;-25.634;-179.9621;454;6.1;mww;;23;4.025;0.83;us;us6000cbx8;2021-01-09T20:05:21.040Z;south of the Fiji Islands;earthquake;5.9;2;0.05;38;reviewed;us;us
2020-10-19T20:54:38.950Z;54.602;-159.6258;28.37;7.6;mww;;36;0.23;0.91;us;us6000c9hg;2023-05-06T01:09:00.911Z;99 km SE of Sand Point, Alaska;earthquake;5.1;3;0.021;213;reviewed;us;us
2020-10-08T07:35:32.524Z;-6.0942;146.1738;106;6.3;mww;;13;3.431;0.75;us;us6000c6mu;2022-03-10T05:41:47.432Z;40 km ENE of Kainantu, Papua New Guinea;earthquake;6.4;1.9;0.055;32;reviewed;us;us
2020-10-01T10:34:45.149Z;-5.9961;148.6656;74;6.1;mww;;15;3.7;0.79;us;us6000c3td;2022-03-10T05:41:32.939Z;100 km WNW of Kandrian, Papua New Guinea;earthquake;6.3;1.9;0.037;71;reviewed;us;us
2020-10-01T01:13:36.524Z;-19.5385;-174.1217;28;6.4;mww;;20;3.988;0.63;us;us6000c3kz;2022-03-10T05:41:13.341Z;39 km NE of Pangai, Tonga;earthquake;8.4;1.8;0.053;34;reviewed;us;us
2020-09-26T17:10:22.462Z;-48.0249;31.7404;10;6.1;mww;;18;13.767;0.68;us;us6000c1np;2020-12-05T21:03:00.040Z;south of Africa;earthquake;9;1.7;0.052;36;reviewed;us;us
2020-09-18T21:43:59.027Z;0.9298;-26.8533;10;6.9;mww;;16;11.255;0.68;us;us7000bq10;2021-06-15T03:46:42.986Z;central Mid-Atlantic Ridge;earthquake;8.5;1.7;0.032;91;reviewed;us;us
2020-09-15T03:41:28.036Z;55.9733;158.3783;344;6.4;mww;;25;2.898;0.68;us;us7000bnd1;2021-11-17T03:22:17.017Z;21 km WNW of Esso, Russia;earthquake;5.9;1.8;0.028;120;reviewed;us;us
2020-09-12T02:44:11.224Z;38.7482;142.2446;34;6.1;mww;;47;2.232;0.97;us;us7000bm9m;2022-12-11T22:42:12.155Z;58 km SE of ?funato, Japan;earthquake;5.7;1.7;0.057;30;reviewed;us;us
2020-09-11T07:35:57.187Z;-21.3968;-69.9096;51;6.2;mww;;72;0.077;0.88;us;us7000blm2;2022-03-10T05:40:19.128Z;82 km NNE of Tocopilla, Chile;earthquake;6.3;1.9;0.071;19;reviewed;us;us
2020-09-07T06:12:39.688Z;-17.1102;168.5034;10;6.2;mww;;41;2.072;1.03;us;us7000bj6y;2022-03-10T05:39:08.921Z;72 km NNE of Port-Vila, Vanuatu;earthquake;6.9;1.8;0.058;29;reviewed;us;us
2020-09-06T15:23:43.148Z;6.2693;125.8285;120;6.3;mww;;29;0.832;1.22;us;us7000biyd;2024-09-10T15:38:29.190Z;17 km E of Talagutong, Philippines;earthquake;7.2;1.9;0.045;47;reviewed;us;us
2020-09-06T06:51:18.470Z;7.6829;-37.1544;10;6.7;mww;;22;15.122;0.72;us;us7000biu8;2020-11-17T19:44:44.040Z;central Mid-Atlantic Ridge;earthquake;9.2;1.8;0.045;48;reviewed;us;us
2020-09-06T02:59:16.073Z;-17.1562;167.5321;10;6.2;mww;;59;1.728;1.19;us;us7000birm;2020-11-17T19:44:43.040Z;104 km NW of Port-Vila, Vanuatu;earthquake;6.1;0.9;0.052;36;reviewed;us;us
2020-09-06T01:16:58.935Z;-30.3388;-71.4912;30;6.3;mww;;32;0.356;1.09;us;us7000biqb;2022-03-10T05:38:26.312Z;40 km NW of Ovalle, Chile;earthquake;5;1.8;0.042;54;reviewed;us;us
2020-09-01T21:09:17.852Z;-27.9162;-71.3701;16;6.5;mww;;49;0.388;0.9;us;us7000bg4v;2022-07-14T04:43:11.570Z;94 km NW of Vallenar, Chile;earthquake;4.3;1.6;0.071;19;reviewed;us;us
2020-09-01T04:30:02.173Z;-28.0315;-71.2662;16.18;6.3;mww;;69;0.242;0.91;us;us7000bfjx;2022-03-10T05:36:59.149Z;78 km NW of Vallenar, Chile;earthquake;4;3;0.058;29;reviewed;us;us
2020-09-01T04:09:28.470Z;-27.9686;-71.3062;21;6.8;mww;;69;0.312;0.88;us;us7000bfjr;2022-07-14T04:45:27.844Z;86 km NW of Vallenar, Chile;earthquake;5.5;1.8;0.039;62;reviewed;us;us
2020-08-31T17:24:04.946Z;-4.0158;70.1973;10;6.1;mww;;22;4.041;1.28;us;us7000bfbx;2020-11-07T18:48:40.040Z;Chagos Archipelago region;earthquake;8;1.7;0.047;44;reviewed;us;us
2020-08-30T21:20:29.757Z;0.7821;-29.8656;10;6.5;mww;;31;15.394;0.66;us;us7000bf3k;2021-06-26T03:42:19.461Z;central Mid-Atlantic Ridge;earthquake;9.3;1.7;0.046;46;reviewed;us;us
2020-08-25T19:08:52.908Z;-5.5454;151.8365;22;6.2;mww;;18;1.25;0.73;us;us7000bcty;2022-03-10T05:35:42.444Z;141 km SSW of Kokopo, Papua New Guinea;earthquake;5.5;1.7;0.047;43;reviewed;us;us
2020-08-21T04:09:51.930Z;-6.71;123.4649;624;6.9;mww;;20;2.267;1.31;us;us6000bi4p;2020-10-31T19:06:13.040Z;222 km SSE of Katabu, Indonesia;earthquake;8.8;1.9;0.052;36;reviewed;us;us
2020-08-18T22:29:24.731Z;-4.2069;101.2411;26;6.9;mww;;25;1.716;0.81;us;us6000bgvu;2023-03-16T05:17:40.967Z;122 km WSW of Bengkulu, Indonesia;earthquake;6.6;1.8;0.033;86;reviewed;us;us
2020-08-18T22:23:59.497Z;-4.3217;101.1347;22;6.8;mww;;34;1.816;0.91;us;us6000bgvl;2020-10-24T20:09:05.040Z;138 km WSW of Bengkulu, Indonesia;earthquake;7.3;1.8;0.063;24;reviewed;us;us
2020-08-18T00:03:48.566Z;12.0257;124.1272;10;6.6;mww;;14;5.128;0.73;us;us6000bgbr;2022-03-13T02:31:00.914Z;13 km E of San Pedro, Philippines;earthquake;7.1;1.6;0.06;27;reviewed;us;us
2020-08-06T23:36:44.553Z;-41.6794;42.4486;10;6.3;mww;;18;8.274;0.8;us;us6000badi;2021-08-21T05:29:22.139Z;Prince Edward Islands region;earthquake;8.7;1.7;0.046;45;reviewed;us;us
2020-08-05T12:05:36.589Z;-16.0944;168.065;181.88;6.4;mww;;24;1.05;0.78;us;us6000b9mv;2020-10-21T22:03:52.040Z;69 km E of Lakatoro, Vanuatu;earthquake;7.6;2.9;0.034;83;reviewed;us;us
2020-08-01T19:22:05.163Z;-3.1951;148.6496;10;6.1;mww;;23;1.718;0.67;us;us6000b84f;2020-10-10T17:11:08.040Z;199 km SE of Lorengau, Papua New Guinea;earthquake;6.1;1.7;0.046;45;reviewed;us;us
2020-08-01T17:09:01.952Z;7.2932;124.1331;483;6.4;mww;;13;1.451;1.04;us;us6000b80p;2022-08-08T23:49:57.844Z;11 km SW of Polloc, Philippines;earthquake;7.4;1.9;0.027;129;reviewed;us;us
2020-07-28T08:03:43.215Z;54.7905;-161.2041;35.15;6.1;mww;;37;0.523;1.29;us;us6000b56k;2023-05-06T01:08:19.588Z;75 km SW of Sand Point, Alaska;earthquake;2.6;3.2;0.024;163;reviewed;us;us
2020-07-26T00:53:59.061Z;-60.7833;-25.413;10;6.4;mww;;20;8.818;0.57;us;us6000b46r;2020-10-03T17:32:23.040Z;South Sandwich Islands region;earthquake;8.7;1.7;0.046;45;reviewed;us;us
2020-07-22T20:07:19.194Z;33.1438;86.8637;10;6.3;mww;;14;5.168;0.88;us;us6000b26j;2020-10-03T17:32:15.040Z;western Xizang;earthquake;2.8;1.7;0.071;19;reviewed;us;us
2020-07-22T06:16:18.627Z;54.969;-159.0413;16.53;6.1;mb;;145;0.345;0.73;us;us7000asx4;2022-08-08T23:41:16.160Z;101 km ESE of Sand Point, Alaska;earthquake;3.6;2.5;0.101;37;reviewed;us;us
2020-07-22T06:12:44.810Z;55.0715;-158.596;28;7.8;mww;;60;0.621;0.97;us;us7000asvb;2023-12-01T16:54:43.905Z;99 km SSE of Perryville, Alaska;earthquake;5.4;1.9;0.019;261;reviewed;us;us
2020-07-18T15:32:36.835Z;-15.2553;-172.694;12;6.1;mww;;56;1.603;1.11;us;us7000aqwd;2020-09-26T16:58:36.040Z;141 km ENE of Hihifo, Tonga;earthquake;7.2;1.8;0.043;52;reviewed;us;us
2020-07-17T14:03:40.437Z;11.8485;94.9362;10;6.1;mww;;61;2.155;0.84;us;us7000aqaw;2020-09-26T16:58:34.040Z;239 km E of Port Blair, India;earthquake;6.1;1.8;0.043;53;reviewed;us;us
2020-07-17T02:50:22.178Z;-7.836;147.7704;73;7;mww;;18;1.671;1.1;us;us7000aq3e;2022-03-10T05:27:42.636Z;114 km NNW of Popondetta, Papua New Guinea;earthquake;6.8;1.9;0.054;33;reviewed;us;us
2020-07-06T22:54:47.538Z;-5.6023;110.6893;533.76;6.6;mww;;14;1.458;1.16;us;us7000aj3w;2020-09-11T22:14:22.040Z;Java Sea;earthquake;8.7;2.7;0.056;31;reviewed;us;us
2020-07-06T18:16:18.418Z;12.0809;140.2476;10;6.2;mww;;19;4.749;0.95;us;us7000aixy;2021-09-05T04:03:25.659Z;257 km N of Fais, Micronesia;earthquake;7.5;1.7;0.058;29;reviewed;us;us
2020-06-25T21:05:18.140Z;35.5948;82.4158;10;6.3;mww;;24;6.134;0.63;us;us7000abmk;2022-08-08T23:24:00.645Z;278 km SE of Hotan, China;earthquake;7;1.7;0.062;25;reviewed;us;us
2020-06-23T15:29:04.350Z;15.8861;-96.0077;20;7.4;mww;;30;0.151;1.14;us;us6000ah9t;2023-11-21T16:50:08.300Z;9 km SE of Santa María Xadani, Mexico;earthquake;2.1;1.8;0.035;79;reviewed;us;us
2020-06-18T12:49:53.844Z;-33.2927;-177.8571;10;7.4;mww;;23;4.035;0.86;us;us6000ae4n;2020-08-30T00:00:45.040Z;south of the Kermadec Islands;earthquake;7.9;1.7;0.041;56;reviewed;us;us
2020-06-13T21:08:30.503Z;18.9317;145.1116;622;6.2;mww;;8;3.727;0.95;us;us6000abgq;2022-05-30T06:43:38.202Z;Pagan region, Northern Mariana Islands;earthquake;8.8;1.9;0.037;71;reviewed;us;us
2020-06-13T15:51:24.069Z;28.8591;128.2713;165;6.6;mww;;18;2.015;1.04;us;us6000abcq;2020-08-22T19:14:49.040Z;130 km WNW of Naze, Japan;earthquake;7.3;1.9;0.038;68;reviewed;us;us
2020-06-04T08:49:40.397Z;2.911;128.248;112.86;6.4;mww;;20;2.3;0.86;us;us6000a5r3;2022-03-10T05:20:20.096Z;133 km NNE of Tobelo, Indonesia;earthquake;6.4;4.7;0.055;32;reviewed;us;us
2020-06-03T07:35:36.466Z;-23.274;-68.4677;112;6.8;mww;;21;1.164;1.13;us;us6000a4yi;2022-03-10T05:19:04.598Z;48 km SW of San Pedro de Atacama, Chile;earthquake;6.8;1.8;0.046;45;reviewed;us;us
2020-05-31T05:09:38.593Z;-15.3256;-70.7731;186;6.1;mww;;73;2.57;0.77;us;us6000a316;2020-08-15T20:19:55.040Z;19 km SW of Vilavila, Peru;earthquake;5.1;1.8;0.039;63;reviewed;us;us
2020-05-27T07:09:09.853Z;-17.5304;167.8743;9.73;6.2;mww;;27;3.932;1.24;us;us60009zv5;2020-08-15T20:19:36.040Z;51 km WNW of Port-Vila, Vanuatu;earthquake;9.2;3;0.049;40;reviewed;us;us
2020-05-22T08:46:06.973Z;22.4152;-108.1275;10;6.1;mww;;151;2.097;0.7;us;us70009n5p;2020-08-08T18:17:49.040Z;173 km ESE of La Playa, Mexico;earthquake;5.5;1.7;0.032;91;reviewed;us;us
2020-05-15T11:03:27.176Z;38.1689;-117.8497;2.7;6.5;ml;27;55.79;0.357;0.2669;nn;nn00725272;2024-08-07T10:57:25.013Z;Monte Cristo Range, NV Earthquake;earthquake;;2.1;;;reviewed;nn;nn
2020-05-12T22:41:12.177Z;-12.0665;166.6485;107;6.6;mww;;12;3.403;1.12;us;us70009f12;2022-03-10T05:16:05.705Z;175 km SSE of Lata, Solomon Islands;earthquake;7.5;1.8;0.05;39;reviewed;us;us
2020-05-07T11:21:20.152Z;-4.4643;154.741;471.17;6.1;mww;;19;2.584;0.84;us;us70009bn4;2020-07-29T22:14:14.040Z;215 km NNW of Arawa, Papua New Guinea;earthquake;8.9;5.7;0.036;76;reviewed;us;us
2020-05-06T13:53:55.940Z;-6.7761;129.7852;96;6.8;mww;;16;1.921;0.76;us;us70009b14;2023-03-16T13:18:14.695Z;Banda Sea;earthquake;6.4;1.9;0.065;23;reviewed;us;us
2020-05-02T12:51:05.561Z;34.1818;25.7101;10;6.5;mww;;19;1.293;1.01;us;us700098qd;2022-03-10T05:14:18.344Z;91 km S of Néa Anatolí, Greece;earthquake;6.7;1.8;0.048;42;reviewed;us;us
2020-04-25T02:53:06.698Z;-6.5337;154.2347;19;6.1;mww;;27;3.109;1.18;us;us60009c06;2020-07-11T22:19:00.040Z;140 km W of Panguna, Papua New Guinea;earthquake;6.1;1.6;0.043;52;reviewed;us;us
2020-04-19T20:39:05.639Z;38.8953;142.0049;38;6.3;mww;;34;2.025;1.18;us;us7000903m;2022-12-11T22:37:10.101Z;31 km SE of ?funato, Japan;earthquake;6.5;1.7;0.05;39;reviewed;us;us
2020-04-18T08:25:37.052Z;27.1264;140.1349;453;6.6;mww;;28;1.827;0.85;us;us70008z89;2020-07-09T14:31:24.040Z;Bonin Islands, Japan region;earthquake;8.6;2;0.045;48;reviewed;us;us
2020-04-16T08:04:37.829Z;16.9591;-85.6851;12;6.1;mww;;30;3.342;0.97;us;us70008xeb;2020-08-10T21:03:14.394Z;59 km NNE of Savannah Bight, Honduras;earthquake;6.2;1.8;0.035;77;reviewed;us;us
2020-04-12T06:57:47.541Z;-36.9558;77.393;10;6.1;mww;;23;0.85;0.84;us;us70008um8;2020-06-30T14:03:01.040Z;Mid-Indian Ridge;earthquake;7.4;1.7;0.045;48;reviewed;us;us
2020-03-31T23:52:30.781Z;44.4646;-115.1175;12.06;6.5;mww;;31;0.885;0.66;us;us70008jr5;2025-01-28T21:51:47.525Z;Stanley, Idaho;earthquake;8.5;3.8;0.021;212;reviewed;us;us
2020-03-26T15:38:04.089Z;5.5669;125.0521;59;6.1;mww;;11;1.582;1.34;us;us70008ghw;2024-09-10T08:03:17.974Z;27 km SW of Burias, Philippines;earthquake;4.1;1.7;0.038;67;reviewed;us;us
2020-03-25T02:49:21.160Z;48.9638;157.6955;57.8;7.5;mww;;12;4.109;0.66;us;us70008fi4;2022-08-08T21:31:52.041Z;221 km SSE of Severo-Kuril’sk, Russia;earthquake;5.6;2.7;0.02;239;reviewed;us;us
2020-03-22T22:38:04.810Z;-4.6744;-104.9519;10;6.1;mww;;53;22.978;0.68;us;us70008e91;2020-06-06T20:54:08.040Z;central East Pacific Rise;earthquake;11.2;1.6;0.039;64;reviewed;us;us
2020-03-18T17:45:39.299Z;-11.0521;115.1378;20.68;6.2;mww;;24;2.743;1.19;us;us60008hzl;2020-06-06T20:53:49.040Z;249 km S of Nusa Dua, Indonesia;earthquake;7.1;3.1;0.038;65;reviewed;us;us
2020-03-18T03:13:45.742Z;-13.1364;167.0277;176;6.1;mww;;23;2.303;0.8;us;us60008hkg;2020-06-06T20:53:45.040Z;99 km NW of Sola, Vanuatu;earthquake;8.5;1.8;0.043;51;reviewed;us;us
2020-03-14T10:01:17.118Z;-27.367;-175.6102;11;6.4;mww;;22;2.771;0.8;us;us60008fl8;2022-08-08T18:43:39.003Z;Kermadec Islands region;earthquake;7.9;1.7;0.048;42;reviewed;us;us
2020-02-13T10:33:44.406Z;45.6161;148.959;143;7;mww;;25;4.501;0.83;us;us70007pa9;2022-03-10T05:06:15.410Z;95 km ENE of Kuril’sk, Russia;earthquake;7.3;1.9;0.027;131;reviewed;us;us
2020-02-09T06:04:29.967Z;-5.4925;152.1522;34;6.1;mww;;46;1.292;0.99;us;us70007lwy;2022-03-10T05:05:41.090Z;127 km S of Kokopo, Papua New Guinea;earthquake;6.7;1.8;0.056;31;reviewed;us;us
2020-02-05T18:12:37.734Z;-6.0817;113.0778;592.42;6.2;mww;;31;5.479;1.04;us;us70007j6z;2023-03-16T00:30:24.512Z;113 km NNE of Bangkalan, Indonesia;earthquake;8.3;4.2;0.041;58;reviewed;us;us
2020-01-28T21:55:16.450Z;18.9457;-80.7411;10;6.1;mww;;66;3.124;0.85;us;us60007iig;2022-03-10T05:04:35.885Z;55 km SE of East End, Cayman Islands;earthquake;8.2;1.8;0.098;10;reviewed;us;us
2020-01-28T19:10:24.918Z;19.4193;-78.756;14.86;7.7;mww;;26;1.657;0.75;us;us60007idc;2023-12-01T17:03:42.937Z;123 km NNW of Lucea, Jamaica;earthquake;6;2.9;0.022;199;reviewed;us;us
2020-01-27T05:02:01.704Z;-10.0929;161.0606;21;6.3;mww;;18;8.012;0.98;us;us60007gyx;2022-03-10T05:03:27.173Z;102 km WNW of Kirakira, Solomon Islands;earthquake;5.2;1.8;0.043;51;reviewed;us;us
2020-01-26T06:31:55.398Z;51.1338;-179.8892;17;6.1;mww;;21;0.564;1.08;us;us60007g8m;2023-05-06T01:07:26.153Z;240 km WSW of Adak, Alaska;earthquake;5;1.8;0.033;87;reviewed;us;us
2020-01-24T17:55:14.147Z;38.4312;39.0609;10;6.7;mww;;49;0.87;0.69;us;us60007ewc;2023-03-02T08:31:30.543Z;13 km N of Do?anyol, Turkey;earthquake;5;1.8;0.043;51;reviewed;us;us
2020-01-23T05:53:02.618Z;51.9836;-177.855;10;6.2;mww;;45;0.117;0.95;us;us60007djn;2023-05-06T01:07:23.440Z;84 km W of Adak, Alaska;earthquake;2.3;1.8;0.036;76;reviewed;us;us
2020-01-20T06:51:37.818Z;-59.2277;-26.282;93;6.1;mww;;17;15.234;0.71;us;us60007b5x;2020-04-08T19:39:42.040Z;South Sandwich Islands region;earthquake;9.2;1.8;0.053;34;reviewed;us;us
2020-01-19T16:58:20.002Z;-0.1042;123.8025;121.72;6.1;mww;;22;1.389;0.78;us;us60007arp;2020-04-08T19:39:40.040Z;108 km SE of Gorontalo, Indonesia;earthquake;6.8;3.6;0.05;39;reviewed;us;us
2020-01-09T08:38:08.278Z;62.358;171.0611;10;6.4;mww;;21;6.048;0.77;us;us70006wuf;2021-08-27T12:01:13.723Z;Chukotskiy Avtonomnyy Okrug, Russia;earthquake;6.9;1.5;0.052;36;reviewed;us;us
2020-01-07T08:24:27.370Z;17.9578;-66.8113;6;6.4;mw;11;208;0.222;0.25;pr;pr2020007007;2025-01-03T18:02:30.507Z;4 km SSE of Indios, Puerto Rico;earthquake;1.26;2.11;0;0;reviewed;pr;pr
2020-01-07T06:05:19.759Z;2.3481;96.3575;17;6.3;mww;;33;1.599;0.97;us;us70006vkq;2022-03-10T04:57:43.604Z;14 km S of Sinabang, Indonesia;earthquake;4.3;1.7;0.043;53;reviewed;us;us
